-1.2347,-0.28466,0.053784,-0.11931,-0.078937,0.12436,0.16578,0.38017,-0.098254,-0.14772,-0.077485,-0.19583,-0.041525,0.16666,-0.027469,0.089345,0.083022,0.0059705,-0.0060651,-0.050039,0.1661,0.092011,0.047639,0.044823,0.045979,-0.016456,0.12804,-0.0041858,0.070815,0.10718,-0.0030261,0.021831,0.024702,-0.010925,-0.12647,0.023696,0.023297,-0.026673,0.038974,-0.039228,0.013123,0.046327,0.017131,0.031602,-0.0047536,0.047671,0.088541,-0.068004,0.010315,0.018045,0.029447,0.009372,-0.026185,0.02162,-0.015365,0.08681,-0.024978,0.062438,-0.028079,0.026059,-0.016434,-0.051026,0.013554,0.043573,-0.020003,-0.034055,-0.0099886,0.018044,-0.052589,0.021979,0.059097,-0.011068,0.00048851,0.017001,0.035601,-0.052057,-0.026957,0.015966,0.027585,-0.034788,0.011252,-0.0077568,-0.023631,-0.039751,0.021963,-0.0048056,0.0024212,-0.020988,-0.011321,-0.0074136,0.01074,-0.028133,-0.012585,-0.00024241,-0.018605,-0.031409,-0.0028345,0.0084678,-0.00098296
-0.75417,0.43334,-0.31751,0.25344,0.11451,-0.3151,0.060206,-0.19372,0.032276,0.028369,0.11027,0.098428,0.19468,-0.051861,0.058764,0.0080135,-0.1425,0.05723,0.11581,-0.0090808,0.10472,0.029943,0.021127,0.099263,-0.083078,-0.035232,-0.095541,0.033263,0.0058778,0.0080185,0.077162,0.033237,0.061522,0.075023,-0.013197,-0.074067,0.042729,0.074305,0.0030624,-0.04879,0.0070067,0.030513,-0.079435,-0.0083785,-0.029712,0.026301,-0.01729,-0.015558,0.034293,-0.055212,-0.038602,0.029981,0.03657,-0.007479,0.036451,-0.046979,0.06555,0.021852,0.0093243,0.027209,0.034662,0.014317,-0.017903,0.0078601,-0.037291,0.0056296,0.025904,0.0064505,-0.037589,0.018375,0.0092282,-0.053426,-0.0026586,-0.024234,-0.021319,-0.017047,0.04827,0.031368,0.021367,-0.029823,0.0031682,-0.055341,-0.0066725,-0.0052507,0.045024,0.072699,0.018369,0.019595,-0.011109,0.0032443,0.00079718,-0.01712,-0.019412,-0.038817,-0.0061673,0.008029,-0.017484,-0.00050441,0.012194
-0.69345,0.37715,0.16628,0.20363,0.11856,0.04217,0.47202,-0.24767,0.026415,-0.0060836,0.1863,0.07382,-0.014114,-0.04244,0.094415,-0.19156,0.0097848,0.14775,0.052139,0.017693,0.076418,0.17058,0.1027,-0.17011,-0.010948,0.003317,0.066814,-0.073031,0.10875,-0.030949,-0.019708,-0.08195,0.049748,-0.07747,-0.048318,-0.023464,0.038042,-0.18062,-0.044523,-0.055311,0.017107,-0.07137,-0.017725,0.04035,0.011702,0.0086034,0.023505,0.045014,-0.042459,0.058972,-0.0118,0.05271,0.031569,0.055232,0.01323,-0.046957,-0.023399,-0.017938,-0.040391,-0.054883,0.028639,-0.018241,-0.0036813,-0.067463,-0.043305,-0.0054085,0.050674,-0.029482,-0.011484,0.0018954,-0.0011386,0.017157,0.014861,0.013264,0.0055633,-0.018785,0.033374,-0.0061419,-0.017779,0.0081676,0.030131,-0.0035555,-0.0030877,0.0034437,-0.023164,0.00028606,-0.0068368,0.010419,0.013402,0.0046049,0.023585,-0.00081641,0.014958,-0.012563,-0.026769,-0.0064838,0.015849,0.00015879,0.0072947
-1.0622,-0.27197,0.075694,0.12357,0.22737,0.24176,-0.35382,-0.17313,-0.21686,0.13271,0.093478,0.092428,-0.11619,-0.013828,-0.054936,0.047683,-0.11805,0.0023354,0.047288,-0.027962,0.027834,-0.019347,-0.037911,-0.056587,0.012151,0.01199,0.062286,-0.11354,0.041382,-0.033584,0.013515,0.01416,-0.082084,-0.069537,-0.055567,-0.11656,-0.070968,-0.016954,0.017114,-0.0091926,-0.12761,-0.013649,0.014979,-0.043406,0.057682,-0.020082,-0.011399,0.035707,-0.0086553,-0.090414,-0.067464,-0.0014953,-0.021202,0.03699,-0.045033,-0.029506,0.017666,0.012102,-0.038418,0.075658,-0.028467,-0.0018555,0.081993,0.0087645,-0.0082137,-0.007737,0.04385,0.017869,0.014884,0.043669,0.062991,0.049369,0.050601,-0.01483,-0.060402,0.0072661,-0.004319,0.016841,0.01222,0.018153,-0.010165,-0.0089259,-0.011823,-0.007373,-0.024384,-0.0086221,0.016951,-0.0060001,-0.016525,0.0042925,-0.017588,0.015485,-0.012118,0.0065615,0.0065302,-0.012914,-0.020078,-0.003125,0.0020557
-0.93684,0.022928,-0.064286,-0.030386,0.0094279,0.53451,0.22493,-0.15224,-0.09825,0.13665,0.010836,-0.26758,-0.12466,-0.21313,0.025497,-0.10333,0.063291,0.19647,-0.11415,-0.15327,-0.11318,-0.11413,0.012511,-0.12164,-0.1091,-0.062551,0.14967,0.015073,0.0026002,0.024815,-0.05891,-0.0052403,-0.0056402,0.10217,-0.00094858,0.0059932,0.035053,0.057492,-0.02586,-0.043786,-0.065465,0.038942,0.074512,0.039846,0.010829,0.074539,-0.10351,-0.019643,0.080769,-0.015449,0.023694,0.070101,-0.024176,0.013237,0.062798,-0.026921,0.020103,0.078684,-0.012831,-0.016518,0.0086694,-0.0078831,-0.036604,-0.018864,0.033422,0.018199,-0.015399,-0.0066308,0.02,-0.027699,0.015822,0.022922,-0.048157,-0.0082647,-0.013891,0.029753,-0.0093126,-0.003533,0.0091463,-0.02522,0.0016922,-0.023852,-0.013731,-0.0064892,0.014435,-0.02035,0.020355,0.020267,-0.0067918,0.02077,-0.0029905,0.006834,-0.0074044,0.021769,0.0028952,0.0035446,0.0055671,-0.0035501,0.0089496
-1.1407,-0.30111,0.047139,0.04893,0.12424,-0.13506,-0.088103,0.14173,-0.30558,0.2529,0.12856,-0.38846,0.020838,-0.057625,-0.21897,-0.20418,-0.11342,-0.084383,-0.13895,0.093981,-0.054825,-0.10275,0.0041139,-0.17491,0.060405,0.042154,-0.061373,0.090655,0.05954,-0.13163,-0.026899,-0.0087108,-0.012473,0.12675,0.062776,-0.012296,0.062027,0.035501,0.0065425,0.018793,0.029743,-0.014509,-0.021674,-0.068871,-0.0074701,-0.0046568,-0.018402,0.027636,-0.016211,0.037012,-0.02322,0.0040653,0.0079155,0.017533,-0.093186,0.049909,0.030879,0.0060629,-0.026941,-0.018443,0.016116,-0.039107,0.0015264,0.026745,-0.0085761,0.023853,0.024047,0.030264,-0.002271,-0.017097,0.028789,-0.012055,0.048739,0.0058804,0.047945,0.023534,0.031193,0.030625,-0.014161,-0.0059964,-0.0058516,0.0054258,-0.0070031,-0.001709,0.0054047,0.00065561,-0.018297,0.010497,0.012235,-0.041525,0.00072631,-0.020298,-0.0082449,-0.014467,0.010331,-0.0071377,0.033853,0.0067135,0.010496
0.82422,-0.23944,0.33862,0.22219,0.1094,0.20253,-0.22176,-0.086725,0.058824,-0.12263,0.12686,-0.071061,0.089957,0.01044,0.012476,-0.17049,0.027003,-0.10679,0.0044206,0.043165,0.088005,-0.096276,0.05336,0.11773,-0.10079,-0.11047,-0.0096477,-0.047992,-0.054005,0.045521,0.019456,-0.051263,-0.0010367,0.031626,0.017853,0.047618,-0.064664,0.0036994,-0.14374,-0.0061885,0.0090627,0.019878,-0.02556,-0.043766,-0.038672,0.12374,0.0053811,-0.042246,0.041509,0.0085844,-0.0048249,-0.058436,0.041561,0.090943,-0.052865,0.018153,-0.022789,0.048816,0.0076107,0.033199,-0.0032334,-0.023063,0.012813,-0.079592,0.030709,0.021819,0.018324,0.0029395,0.029354,0.019589,-0.037098,-0.019569,0.040034,-0.010273,0.0020854,-0.019636,0.0062457,-0.058294,-0.033496,0.0029873,-0.0077353,0.032848,-0.009231,-0.024237,0.001334,-0.0065628,0.028905,-0.001705,-0.0034058,0.0079081,-0.027765,-0.031188,-0.011631,-0.017268,-0.0098632,0.007609,0.0020536,-0.013783,-0.02047
1.1056,0.29513,0.23937,0.26748,0.1508,-0.052775,0.011037,0.024772,0.070279,-0.045972,-0.013464,-0.12967,0.11786,0.06176,0.15302,-0.13717,0.08861,0.06638,-0.083286,-0.097446,-0.062297,-0.031866,-0.023927,-0.0012517,-0.0097779,-0.090192,-0.026255,-0.038901,-0.062503,-0.067521,-0.010156,0.019971,0.00088578,-0.015598,-0.036257,-0.085776,-0.027764,0.035001,-0.018082,-0.048003,0.046608,0.045171,-0.076696,-0.075792,0.045101,-0.019995,-0.0026785,0.079393,0.075072,0.08483,-0.013216,0.079983,-0.076927,0.014874,-0.022988,-0.00064771,0.037526,-0.042821,0.028196,0.025565,-0.015112,-0.023,0.016907,0.0077166,-0.020787,-0.015043,0.0039833,-0.0062306,-0.058489,0.0050267,-0.014565,-0.016835,-0.04104,-0.013143,0.0061435,-0.0161,-0.034415,-0.024105,-0.0057604,-0.0027659,-0.049215,0.0043795,0.01977,0.048719,-0.012964,-0.020647,-0.026694,-0.023932,-0.022045,-0.012145,-0.006866,-0.017881,0.01005,0.011644,-0.010403,-0.043194,-0.027738,-0.034402,0.021067
1.0738,0.50386,0.00047,-0.32204,-0.05166,-0.097884,-0.11358,0.12915,-0.14427,0.018367,-0.13251,-0.032618,0.037565,0.072626,-0.0095414,0.015461,-0.054022,0.04977,-0.13908,-0.019397,-0.072487,0.045467,-0.061208,0.050305,-0.0052849,0.044907,0.0073557,-0.034611,0.090921,-0.061924,0.042964,0.031795,0.014581,-0.032066,0.0045186,-0.0101,0.099587,0.040784,0.10391,0.032276,0.023472,0.029456,0.022012,-0.0237,0.063034,0.016876,0.035141,-0.10846,-0.011453,0.032652,-0.042896,-0.010635,-0.018433,0.024926,-0.013539,-0.0082889,-0.041119,0.0089291,-0.068624,0.00094764,0.0044393,-0.017316,-0.025673,-0.025316,0.016188,-0.016212,0.00958,-0.0075344,0.038232,-0.016193,-0.013711,0.038483,0.01621,0.0092344,-0.0094166,-0.0063712,-0.013813,-0.04671,-0.04282,0.010916,0.013339,-0.016994,0.012859,0.010974,0.019103,0.048895,0.041722,-0.0060269,0.01981,0.017863,0.043921,0.005411,-0.0047706,-0.017826,0.042025,-0.012045,-0.014322,-0.061847,0.018637
-1.1064,-0.12333,0.052703,-0.41609,-0.011089,0.25716,-0.14708,0.13701,0.23962,-0.25029,-0.37355,-0.27064,-0.13904,-0.016737,0.082246,0.24482,-0.18438,0.17195,0.013063,-0.088507,0.21773,-0.0012331,0.05946,-0.17824,-0.069568,-0.026135,-0.12144,0.02821,-0.095651,-0.057929,-0.037347,-0.029371,-0.12899,-0.047935,-0.024005,0.11225,-0.028579,0.030727,-0.034445,-0.080605,0.082868,-0.013162,0.028226,0.018016,-0.0094257,0.015721,-0.011166,0.053642,-0.045756,0.040085,-0.060964,0.0080941,-0.0013906,0.028838,0.017339,0.017136,0.0070553,0.011841,0.01979,0.019118,-0.0034925,0.00309,-0.031265,0.041506,-0.0032126,-0.0089208,0.019926,-0.046574,-0.011059,0.018021,-0.033688,-4.6381e-06,0.025467,-0.018975,-0.02188,0.033912,0.0024378,0.020955,-0.01342,0.027781,-0.013878,-0.0010586,0.017513,0.0050791,-0.0024515,0.019628,0.020277,-0.005601,0.01318,0.0062654,-0.0028731,-0.0044898,-0.0013225,-0.015721,0.013175,-0.0056867,0.0064428,0.0018177,-0.005464
-0.963,0.33703,-0.15627,-0.23307,0.23508,0.041944,-0.30103,-0.010722,-0.14639,-0.11346,0.035913,0.0078559,-0.039903,-0.14457,0.075815,-0.029336,-0.055768,0.1403,-0.075852,0.1393,0.1266,0.019969,0.1089,0.11084,0.1155,0.078459,-0.067637,-0.011065,-0.0050586,-0.021142,0.041726,0.064554,0.087764,0.11863,-0.031486,0.086644,-0.030335,0.00038245,0.048319,0.11734,0.045222,-0.11618,0.027558,0.027043,0.0051778,-0.010233,-0.014808,0.032368,0.064696,0.04617,0.076134,0.044394,0.0026546,-0.0072642,0.03714,0.027103,0.0099882,0.0067403,-0.0065166,0.071079,0.0030107,-0.027569,0.02055,-0.040805,0.028761,-0.043757,0.0083474,0.027743,0.0022928,0.0081313,-0.015167,0.016699,0.024323,0.0093243,-0.013614,-0.039618,0.042166,0.021101,-0.01157,-0.003244,-0.027605,0.0012645,0.012761,0.017011,0.0090602,-0.0076369,-0.01873,0.027913,0.021444,0.032611,-0.016539,0.02905,0.0046467,0.041825,-0.0046056,-0.013598,-0.010272,-0.0045158,-0.0084486
0.71133,0.43028,0.68777,-0.42251,-0.060367,-0.08321,-0.085519,-0.17908,-0.1337,-0.036362,-0.12953,-0.049157,0.0408,-0.029191,-0.064495,0.14516,0.10775,0.11334,0.15722,0.20391,-0.078877,0.023774,0.020433,0.02786,-0.00070087,0.042978,-0.041084,-0.052774,0.012824,-0.044003,-0.13143,-0.044943,0.016885,0.017128,-0.037476,0.038321,0.092687,0.049501,-0.021138,-0.0054087,-0.063306,0.055854,0.068762,0.032513,-0.041719,-0.030653,0.051937,-0.0061064,0.020692,-0.001185,0.012482,-0.011514,-0.010182,-0.0076103,-0.019342,-0.065618,-0.034948,0.015636,0.045063,0.0093273,0.0049081,0.049224,0.022116,0.0163,-0.039703,-0.017563,0.057741,-0.011338,0.01551,0.0032923,0.012053,-0.041394,-0.0057882,0.031111,0.011802,0.015803,0.0078411,0.013155,-0.046667,-0.029514,-0.042369,-0.013846,0.0098378,-0.048571,-0.020333,-0.019895,-0.0087631,0.00045737,0.010665,-0.029302,-0.021015,-0.0041322,-0.020574,0.017201,-0.032339,0.023519,-0.0013284,-0.033284,0.020686
0.66123,0.75636,-0.08073,-0.19023,-0.33002,-0.51636,-0.31895,-0.30283,-0.087464,-0.045553,0.11857,-0.093699,-0.3546,0.15414,-0.049467,-0.1655,0.066047,-0.096963,0.08423,-0.14623,0.0030126,-0.020056,-0.0081719,-0.01055,0.0035399,-0.038103,0.0043891,-0.011492,-0.020035,0.075753,0.0050838,-0.044479,-0.059258,-0.0013898,-0.17463,0.072337,0.050582,-0.027224,0.098206,-0.0061235,0.056809,0.013469,-0.048828,-0.050445,-0.01814,-0.023785,0.019392,0.0082542,0.034343,-0.038403,-0.054506,0.090227,-0.015669,0.036964,0.037234,-0.022888,-0.05195,-0.01536,0.034459,0.015333,-0.0024608,-0.0030302,-0.029477,-0.0022222,0.011508,0.066404,-0.01797,0.018987,0.047342,0.0054395,-0.0073219,0.0017847,0.022824,-0.0015227,0.026652,0.014977,0.025337,-0.0042011,0.031696,0.0042425,-0.0089356,0.021522,-0.025532,0.010835,0.015687,0.0087567,0.0086046,-0.023265,0.019712,-0.020842,-0.0092875,0.016249,-0.0097363,0.025742,-0.0047476,0.010202,0.0015891,0.016987,-0.0014822
-1.1671,-0.010099,-0.3052,0.14831,0.17985,0.32605,-0.18996,-0.030195,-0.27776,-0.093939,-0.12054,0.014072,-0.00036036,-0.14308,0.36181,0.030281,0.079679,0.089655,0.074405,0.032257,0.051385,-0.12112,-0.03319,0.0094257,-0.13504,-0.056934,-0.084178,0.1117,0.014318,0.058112,0.096215,0.0098552,0.079222,-0.096419,0.037955,-0.061508,0.055927,-0.046115,0.12936,-0.026454,0.045609,0.05101,-0.0023045,-0.00068894,-0.072803,-0.017131,-0.00017502,0.0029532,-0.0020599,-0.022058,0.0055044,-0.041493,0.041158,0.044703,-0.039338,-0.018533,-0.0092817,-0.0088462,-0.01134,0.026667,-0.01317,-0.034916,0.017539,0.022939,0.0017501,0.015521,0.031513,0.018364,0.021652,-0.091417,0.0012846,-0.050909,-0.0020189,-0.0020477,0.029112,0.021703,-0.022139,0.016586,0.0020816,-0.013088,0.019007,0.034908,-0.0050669,0.011973,-0.041413,-0.0020793,-0.0033342,0.00027206,-0.02439,0.0089132,0.017523,0.028132,0.0060701,0.021827,-0.0088095,0.0015225,0.0081208,-0.011682,-0.014305
1.4077,-0.19068,-0.5931,-0.31233,0.18277,-0.1476,0.015381,-0.042533,-0.050347,0.10747,0.059427,0.089929,-0.057154,0.24688,-0.057838,-0.035059,0.023677,0.10919,0.024598,-0.0044752,0.043769,0.02964,0.073533,0.1091,-0.015329,-0.10703,-0.0088604,0.022534,0.054604,0.034217,0.0060587,-0.15564,-0.091067,0.096402,0.039102,-0.091284,0.0028008,0.0033283,-0.025242,-0.021328,0.021753,-0.00033966,0.0069766,0.042308,0.014461,-0.055297,-0.061152,0.026115,0.022422,-0.0028181,0.081003,-0.0096557,-0.041235,0.073268,-0.019119,0.06039,0.035654,-0.021501,0.061707,0.0033292,-0.090002,0.040882,0.015502,0.017657,0.0063031,-0.041998,0.055266,-0.012971,0.022742,-0.030391,-0.024337,0.024219,-0.010495,0.038046,0.0068408,0.019107,0.017191,0.022993,0.015437,0.029423,0.023299,-0.0050982,-0.045121,-0.02926,0.0063956,0.0063305,-0.0078289,-0.013914,0.010543,0.020667,0.029042,-0.020779,0.021425,-0.0054314,0.015609,0.0062001,-0.006555,-0.0071077,0.0057781
1.3421,-0.13527,-0.25391,-0.32185,-0.037932,-0.030751,0.15899,0.15976,0.031372,0.093735,0.060823,0.23263,-0.11693,-0.046578,-0.017588,0.11451,-0.21114,-0.052253,-0.099448,-0.043737,-0.11179,-0.094836,-0.0045989,0.012207,0.21862,-0.04002,0.13305,-0.00034186,-0.015333,0.022701,0.052827,0.0074708,-0.032898,0.042678,0.027459,0.048329,0.09326,-0.064611,0.059878,-0.058167,-0.02037,0.023098,-0.049652,0.015731,-0.038395,0.0056754,-0.046251,0.0016898,0.022971,-0.016384,-0.0033218,-0.017019,-0.016684,0.046429,0.012271,0.010202,0.006125,0.035095,-0.0087028,-0.015635,0.011249,-0.024071,-0.023903,0.059277,-0.038712,-0.01748,0.026103,-0.0011887,0.0055537,-0.0044606,-0.042407,-0.022419,0.022923,-0.046265,-0.011262,-0.005633,-0.0012676,-0.044398,-0.058699,-0.0023276,0.021792,-0.038401,-0.0023721,0.0090747,-0.047481,0.0096415,-0.037835,0.006904,0.0068309,0.0031383,-0.044097,0.0018187,-0.0033461,-0.00050493,-0.033138,-0.015076,-0.025637,0.016079,-0.022527
-1.2696,0.28357,-0.074188,-0.30133,0.14787,-0.025684,0.43545,-0.073576,0.33729,0.20036,-0.22577,0.10344,-0.10791,0.33101,0.031094,-0.14029,0.103,-0.1371,-0.062129,-0.04339,0.12501,-0.11667,-0.0079072,-0.033761,-0.02868,0.029149,0.057029,-0.1243,-0.036747,0.061259,-0.010037,-0.0097287,0.050531,-0.028992,0.040043,0.015246,0.033337,0.055685,-0.040926,0.15247,-0.039291,0.02241,-0.053667,-0.02015,-0.083979,-0.0023646,0.0603,-0.0080956,0.025498,0.025113,-0.0065569,0.045164,-0.015166,-0.0035268,0.00022407,0.047311,0.042176,-0.027241,-0.044273,0.01228,0.071685,0.057108,0.032983,0.017473,0.038063,0.0020449,0.064162,-0.019298,0.0082623,-0.040499,0.0025942,0.00106,0.0020548,-0.040804,-0.018869,0.0051181,-0.035594,0.044868,-0.027925,0.0078315,-0.0041285,-0.0065211,-0.0016212,0.0064388,0.0013254,-0.0069383,0.01262,0.0062555,0.007389,-0.0078364,0.011683,0.0096548,-0.0002168,-0.00099444,-0.0017729,0.009964,-0.0025243,0.0056629,-0.012538
-0.87414,-0.11588,-0.019559,0.35423,0.30126,0.0096661,0.3164,-0.0057333,0.045363,-0.038146,-0.045841,0.036443,-0.013902,0.13237,-0.018821,0.041939,-0.01711,-0.11368,-0.025492,-0.053826,-0.041177,0.057287,-0.023464,0.031415,-0.037879,-0.022075,-0.18862,-0.0028276,0.096245,0.12206,0.0059427,-0.018953,-0.065377,-0.030111,0.0069084,0.012923,0.096119,0.0026763,0.0011407,-1.9443e-05,-0.047231,-0.1056,-0.010533,-0.020669,0.10035,0.031605,-0.025613,0.059095,0.03767,0.015545,0.0076406,-0.042252,0.0022509,0.053423,0.029812,0.03808,-0.051033,0.010515,-0.011119,-0.02977,0.049799,0.0048783,-0.055464,0.0061156,0.0038716,-0.0066833,-0.00074577,0.033875,-0.024132,0.010368,-0.0014756,-0.0059074,0.017383,0.011892,0.035527,-0.0050604,-0.034953,0.016258,0.025873,-0.028124,-0.040455,-0.0048042,0.0067113,-0.010939,-0.043427,-0.010893,-0.015087,-0.0042167,0.0013622,0.029223,-0.041382,0.020914,-0.012987,-0.0081686,0.041216,0.046484,-0.020834,-0.0094984,0.022826
-0.68608,0.0088732,-0.090229,0.24918,0.01185,-0.38296,-0.066443,0.14073,-0.24416,-0.17454,0.050962,0.0081945,0.069085,-0.14962,-0.048202,-0.044418,-0.057336,-0.12492,0.045214,-0.041609,0.044334,0.088074,0.13126,0.0022718,-0.16539,-0.049243,-0.025511,0.051848,-0.03016,-0.031502,-0.13125,-0.050356,-0.032257,0.012071,0.086514,0.084896,0.042369,-0.10362,-0.032466,0.011138,0.010469,0.090071,-0.023064,-0.007938,0.0034424,-0.050562,0.054945,-0.00018482,-0.024333,-0.097948,0.076173,0.055813,-0.07082,-0.013105,0.023471,0.050252,-0.023832,-0.00067282,-0.019698,-0.011606,0.018106,0.021411,0.029327,0.015207,-0.0029776,-0.01211,-0.055318,0.056588,-0.045174,-0.02058,-0.011759,0.01925,0.016901,-0.039986,-0.021921,0.023726,0.010677,-0.01914,-0.032665,0.040269,-0.0020584,-0.012932,-0.0044873,-0.0053447,0.0025361,-0.025074,0.012045,0.022793,-0.032657,0.016977,0.0098945,0.028727,-0.014031,-0.011747,-0.010042,0.00073178,-0.0066775,-0.023733,0.0070811
1.2635,-0.61263,0.11882,0.068521,0.18317,-0.091969,-0.21988,0.0058197,0.02688,-0.030065,-0.079247,0.18925,0.071049,0.053889,0.060271,-0.099543,0.0086994,0.022134,0.11948,0.094292,-0.023294,-0.11045,0.065781,-0.05283,-0.043683,-0.01877,0.050565,0.12333,0.087741,0.020868,0.045246,0.026312,-0.10373,0.0081819,0.026029,0.088868,-0.02783,0.04235,-0.082427,0.014735,-0.046332,-0.027497,0.023151,0.023482,0.027958,0.066847,0.032518,0.0037311,-0.0019096,0.0091645,0.022919,0.027474,0.010333,0.0079001,-0.057295,-0.0178,-0.037834,-0.035307,0.035498,0.0096715,0.022948,0.01266,-0.013525,-0.0052758,-0.01335,0.023716,-0.019561,-0.046189,0.0033638,-0.022565,0.011496,0.027595,0.0075197,-0.0075849,0.045671,-0.011578,-0.017952,0.0044599,0.046869,0.010559,-0.0024815,-0.057516,0.023542,0.0073884,-0.018031,0.03052,-0.015667,0.031998,0.010826,-0.023997,0.049906,0.032458,-0.050144,0.019702,-0.0087526,-0.036857,-0.034811,0.0095698,-0.010817
0.28507,-0.20146,-0.50722,0.0707,-0.031633,-0.0061054,-0.22291,-0.028603,0.0079483,0.037156,-0.092069,-0.099654,0.095999,-0.2706,-0.018164,0.047566,0.10474,-0.041907,-0.03027,0.024028,-0.05724,0.025117,-0.087237,-0.022429,-0.0041917,-0.053806,-0.056442,-0.1056,-0.015735,0.070042,0.040266,-0.088552,-0.0026902,0.017162,-0.046924,0.04818,0.03354,0.0072633,0.0024281,0.082541,-0.030974,0.028633,0.075925,0.011631,0.05092,0.038363,-0.016366,0.0036078,-0.11329,0.054965,-0.024268,0.018324,0.051318,-0.043138,-0.0097721,-0.0020291,0.071687,-0.024571,0.015991,0.0039589,0.060439,-0.036579,-0.0043137,0.00094509,-0.069239,-0.0085889,-0.0016305,0.0051549,0.026884,-0.027356,-0.019434,0.014109,-0.035444,-0.01307,0.026214,-0.030891,0.0020522,0.0092725,-0.005639,0.046084,-0.014413,0.021427,-0.075508,-0.02305,0.0163,-0.012956,0.014441,-0.014803,-0.005087,-0.0023884,-0.022176,0.024183,0.012944,-0.029588,-0.015176,-0.018816,-0.041088,0.0079189,0.0097391
1.1236,-0.65163,-0.11236,-0.10416,0.14271,-0.15354,-0.12848,0.093705,0.022295,0.020387,0.019159,-0.056112,0.11286,0.13723,0.0919,-0.020735,-0.011287,0.0065384,0.065159,0.035426,-0.11226,0.048188,0.049408,0.032491,0.091898,0.083665,0.13867,-0.011171,0.10155,0.010151,0.0036038,0.10545,-0.055258,-0.081261,-0.011341,-0.0018467,-0.033921,-0.08521,0.0024593,0.041257,0.099986,-0.059315,0.076543,0.0014539,-0.037239,0.031595,-0.046092,0.039871,0.018303,-0.017168,0.01256,0.039091,-0.029336,0.019201,-0.05649,0.0019655,0.049732,0.0018988,0.025869,0.010432,0.053871,-0.013616,0.020027,0.048156,-0.012226,-0.0075946,-0.011996,-0.01725,0.0060902,-0.0028719,-0.016414,-0.049026,-0.0108,-0.010704,-0.013361,0.025076,0.016841,-0.010299,3.703e-05,-0.033609,0.0044268,0.032421,0.020331,0.021671,0.01891,-0.032889,0.079981,0.0096975,-0.0010308,0.02088,0.0098478,-0.0027176,-0.017205,-0.014151,-0.0045727,0.041392,-0.0080884,0.01458,0.037213
1.2176,0.32659,-0.08517,0.91616,0.26541,-0.39149,-0.11911,0.39101,0.0021143,0.15115,-0.17573,0.049198,-0.079835,0.015435,0.056339,0.043032,-0.17126,0.13852,0.029003,-0.14668,-0.15767,-0.0023474,-0.030048,0.035003,-0.037631,-0.14253,0.02052,0.035301,-0.0062798,-0.031813,0.026539,-0.0080029,0.037157,0.011174,-0.031952,0.018451,-0.095063,-0.014935,-0.0048156,0.062305,0.044953,0.030902,-0.018185,0.045622,0.0039359,0.011147,0.02606,0.0050725,-0.0021531,-0.009529,-0.0165,0.0047645,0.059059,-0.042785,0.079968,0.033355,0.0064185,0.002869,-0.041183,0.00026314,-0.0018387,0.012156,0.00074709,0.020177,0.014652,-0.03795,0.034569,-0.049299,0.057942,0.012867,0.018794,-0.014905,0.0065225,0.0080556,0.002717,-0.0352,0.017826,0.0056342,-0.0091436,0.0049102,-0.0090011,-0.013478,-0.0086529,-0.015322,-0.032077,-0.047822,-1.2846e-05,-0.012968,0.0040435,-0.018083,0.0044858,-0.0046326,-0.040819,0.0066329,0.017419,0.0013244,0.044639,-0.001743,0.0076687
1.0081,0.13331,0.31473,0.3303,0.0015239,0.11158,0.24888,0.049873,0.022798,0.10168,0.12056,0.040341,-0.16632,-0.22859,0.0086787,-0.042336,0.048905,-0.11834,-0.097472,-0.16729,0.057896,-0.033829,0.050389,-0.011398,-0.024946,0.049745,-0.073942,0.0038459,0.033225,-0.0872,0.080555,-0.097424,0.058606,-0.057637,-0.010298,0.12585,-0.019453,0.023222,0.050425,-0.017764,-0.036235,0.066866,0.020489,-0.0029194,-0.0026774,0.0026972,0.011842,0.032783,0.05049,-0.018051,-0.022037,-0.023613,0.0052698,-0.0085164,-0.033243,0.036099,0.06,0.00024669,-0.0078276,0.014015,0.0019872,0.015093,-0.0050187,0.020353,-0.0057016,-0.045609,-0.0058975,-0.043925,-0.03215,0.025387,0.019019,-0.0069071,0.0071801,0.1006,-0.011409,0.028154,0.03442,-0.032867,-0.0021663,-0.021144,0.014908,0.014955,0.012818,-0.0010416,0.018592,-0.010079,0.0012508,0.011117,0.0026719,-0.026197,0.028533,0.0201,0.017994,0.006573,0.0079408,0.03243,-0.053366,0.0088607,-0.026334
-0.71341,-0.054505,-0.21091,0.15374,-0.18947,0.23754,0.077222,0.27254,-0.06363,-0.12179,0.11995,-0.14459,0.1933,-0.00051389,-0.1089,-0.073947,0.13186,0.036678,-0.089841,-0.043866,-0.0098321,0.043337,0.052001,-0.022888,0.034074,-0.041993,0.050957,-0.028006,-0.018408,0.036213,0.034386,0.050836,0.081269,0.011936,-0.10662,0.062536,0.0469,-0.00041314,-0.046032,0.08332,-0.033264,0.046996,0.016347,0.021928,0.012886,-0.0095767,0.003754,-0.019482,0.057995,-0.091656,-0.041206,-0.062706,-0.042924,-0.028696,-0.014487,-0.047066,-0.0072145,-0.039754,0.007728,-0.037114,-0.031245,0.0088978,0.03852,-0.012309,-0.052885,-0.062774,0.010595,-0.042685,-0.0081232,-0.030471,-0.044246,-0.043636,0.053381,-0.022261,2.137e-05,0.036949,-0.0065226,-0.01703,0.066825,0.038481,-0.040354,-0.00013636,0.0035894,0.015247,-0.018562,0.027811,-0.0068731,0.013165,0.032873,0.016735,-0.0043971,-0.0080242,0.01767,0.00091204,0.022175,-0.0043164,0.023957,0.013283,0.0073917
-0.85123,0.07536,0.33252,0.014841,0.19048,-0.32243,0.030941,-0.21564,0.081103,-0.27465,-0.048397,0.034015,0.043667,-0.12517,-0.19889,0.05793,0.020602,0.047202,-0.059264,-0.089191,0.03624,-0.10897,0.014491,0.12674,-0.058213,0.0016376,0.057374,0.033362,0.096625,-0.023582,-0.065539,-0.058913,-0.047355,-0.089513,0.12039,-0.021087,0.0098453,-0.016832,-0.045792,-0.0060092,0.015458,0.024668,0.063753,-0.027419,0.014723,-0.073312,-0.035189,-0.045825,0.04711,0.04548,-0.059546,-0.01267,-0.0059185,-0.059497,0.013735,0.0059747,0.031166,-0.0032938,-0.067731,-0.011938,-0.031743,-0.02704,0.0074616,-0.032835,0.014659,-0.049764,0.027124,0.03797,0.027817,0.056661,-0.055223,-0.018805,-0.010825,-0.057163,0.049946,0.01057,0.004977,0.020575,0.033933,-0.019577,0.042557,0.023948,0.016075,-0.010485,0.0014463,0.012717,0.00048687,-0.019368,0.019259,-0.016186,-0.0035016,0.012069,-0.010664,0.028328,-0.01266,-0.0094511,-0.018805,0.022021,0.010078
-0.87473,-0.034358,0.32783,-0.10268,0.19291,-0.076991,0.075805,-0.12742,0.062015,-0.020751,0.23496,-0.19576,-0.034577,-0.12446,-0.02436,0.073568,-0.1424,-0.032043,-0.055307,0.029573,-0.18556,-0.017034,0.14551,0.072661,0.0621,-0.019512,-0.017936,0.041114,-0.046149,0.057894,0.0052583,-0.035276,0.047047,0.068137,-0.080319,-0.10288,-0.006579,-0.015225,-0.00068401,0.033121,0.07365,0.002017,-0.015022,0.11904,0.032829,-0.053413,-0.024484,-0.0013505,0.033763,0.028611,0.009946,-0.043027,-0.0077886,-0.0055996,0.0077509,-0.015237,-0.017183,0.017887,0.00096112,0.030188,0.023973,0.082962,-0.046023,-0.012465,-0.013455,0.022734,-0.0013533,-0.034281,0.0093111,0.01753,0.036907,0.0086789,0.049235,-0.040498,0.018043,0.012001,-0.060143,0.0045121,-0.0054375,0.010018,-0.0091773,0.043914,0.035978,-0.01573,0.013656,-0.0067842,0.015944,-0.016448,-0.034844,-0.0156,0.03819,0.026981,0.019552,-0.032901,-0.012627,-0.0118,-0.01606,0.006738,-0.018595
0.23587,-0.73856,0.1888,0.021081,-0.1333,-0.15694,0.085087,-0.056707,-0.12281,0.18622,0.12109,0.14993,0.1155,-0.023836,0.1441,-0.219,0.092837,-0.0013094,-0.029822,0.037872,0.0050946,0.062599,-0.11146,0.088096,-0.0159,0.058767,0.033246,-0.024604,-0.02931,0.0071491,0.0018638,0.016388,-0.037216,-0.0066158,0.012254,0.030053,-0.0079096,-0.0068235,-0.075981,-0.06069,0.037083,-0.00023496,0.01142,0.049222,0.022919,-0.028873,0.08206,-0.014923,0.011392,0.039853,-0.041998,-0.045399,-0.033658,0.07683,-0.011919,-0.0053443,0.015059,0.093837,-0.026231,0.001609,0.0083552,0.020692,-0.036393,0.063627,-0.0074548,-0.023557,-0.050996,-0.016818,0.030619,0.020073,-0.0037585,-0.01709,-0.040606,-0.020151,-0.028848,-0.012512,0.04517,0.05476,-0.0016934,0.020163,-0.023541,0.010232,-0.0060747,0.0021787,-0.0020559,0.030976,-0.0029341,-0.0044064,-0.013743,-0.024031,-0.01692,0.054696,0.035624,0.024181,0.02458,-0.010448,0.030799,-0.013113,-0.0082823
-0.43782,0.29665,0.058432,-0.16423,-0.29278,-0.25735,-0.23238,0.22769,-0.012376,-0.041527,0.046844,0.18959,0.048301,0.013387,0.16789,-0.14429,0.15786,0.087602,0.15996,-0.047811,0.0032117,-0.17038,-0.0075436,-0.022819,-0.012896,-0.011211,0.018539,0.060819,-0.035802,-0.061048,-0.038364,0.075947,-0.0085358,0.042131,0.011131,0.013329,0.012282,-0.047248,-0.049631,0.067599,-0.038044,-0.0060108,0.025352,-0.013652,0.095121,0.025969,-0.094934,-0.055456,-0.09688,-0.025761,-0.00084984,0.0058236,-0.064737,-0.023072,0.025015,0.026379,-0.0039476,0.054289,-0.0036469,0.00062845,0.013931,0.011942,-0.041822,-0.00068679,-0.056628,-0.0081009,0.065793,0.025934,-0.029556,-0.0064576,-0.033592,0.027036,0.025905,0.054038,-0.027808,-0.028061,-0.020916,0.021673,0.0056362,-0.031459,0.0034993,0.027831,0.021958,0.0325,-0.0034334,0.013679,-0.0023106,-0.045312,-0.024715,-0.015854,0.0020221,-0.013066,0.00379,-0.0067516,-0.0068798,0.025083,0.0078782,0.0057661,-0.024428
0.92733,-0.33897,-0.15505,-0.19136,0.16804,0.035073,-0.32723,-0.001804,0.25879,-0.13328,0.22045,0.16036,-0.040361,-0.19945,-0.012797,0.014794,0.061805,-0.10853,0.015099,0.077085,-0.027629,-0.1756,-0.089916,-0.1903,-0.038628,0.011555,-0.036688,0.074426,-0.029865,0.11537,0.025389,-0.057432,-0.040566,-0.018961,-0.01647,-0.061229,0.070983,-0.058678,0.010045,0.056072,0.0017839,0.1124,-0.01069,0.03388,0.043573,0.020801,0.032908,-0.078898,0.0034408,0.055797,-0.0066935,0.036607,0.0059676,0.022346,0.022908,0.027074,0.016748,-0.065818,0.025836,0.022589,-0.0071323,-0.021331,0.034029,-0.0021531,0.015049,0.0033908,-0.025439,-0.023966,-0.01253,0.066148,0.00025492,-0.012002,0.020763,0.0086444,-0.030592,-0.0096756,0.004218,0.015906,-0.018216,-0.044578,-0.0016118,-0.033981,0.034996,-0.022969,0.0047419,-0.010213,-0.017818,0.011298,0.0069483,0.034579,0.0072245,0.00083515,0.037702,0.0015304,0.012744,0.0057233,0.034371,0.009834,0.028765
1.2333,0.73832,-0.22157,-0.13895,0.38016,0.23554,0.24987,0.01383,-0.10218,-0.2532,-0.066299,0.18456,0.039162,0.017491,-0.14863,0.035668,0.012483,-0.14808,-0.22459,-0.096293,-0.018389,-0.009048,-0.085612,-0.010298,0.026379,0.060634,-0.027976,-0.052419,-0.028256,0.0064969,0.058676,0.0032153,-0.03035,0.026154,0.032031,0.0040042,-0.015256,0.013946,0.015373,-0.069596,0.0097715,0.041409,-0.015121,0.055948,-0.018407,0.024755,-0.00047327,0.050815,-0.082819,0.055771,0.0078878,-0.0081228,-0.042435,0.027414,-0.0037518,-0.027865,0.026237,0.038203,0.032891,-0.029559,-0.030753,-0.012246,0.058156,-0.03544,-0.041665,-0.0027299,0.0094001,0.020496,0.015898,-0.022329,0.023175,0.0024402,0.0097965,-0.0022812,-0.0031572,-0.01929,0.00091319,0.0037665,0.026922,0.020828,-0.021919,0.01559,0.042751,0.0032964,0.056115,0.0051303,-0.013788,-0.014352,-0.021411,0.015289,0.011696,0.031011,-0.06646,0.0098625,-0.018362,0.030791,0.036018,0.0063896,-0.0026215
0.86114,-0.026917,-0.18649,-0.58679,-0.086652,0.15154,0.032518,0.10113,-0.2056,-0.067966,0.050416,0.36405,0.36944,-0.1268,-0.029495,0.065045,-0.24751,-0.11642,-0.11647,-0.038886,-0.048455,-0.027274,0.03151,-0.0996,-0.096392,0.0032615,0.038704,0.023737,0.067798,-0.021669,-0.0092199,-0.035322,0.056666,-0.07635,-0.06193,0.0034242,-0.068176,0.0020713,-0.038829,-0.027378,-0.04845,-0.0041586,-0.070552,0.031259,-0.047513,-0.010878,0.016425,0.004712,0.063592,-0.0099786,-0.01889,0.041361,-0.0010653,-0.074444,-0.01082,0.035062,-0.071717,0.033584,0.035241,0.06232,0.021113,-0.036812,-0.051618,-0.0058081,0.016753,0.020769,0.039179,0.011876,0.00026803,-0.043851,-0.00046544,0.015906,-0.022329,0.0091618,0.016976,-0.019335,0.013669,0.031793,0.02928,0.041266,0.0090684,0.013788,0.022652,-0.0045613,0.0019002,-0.022399,0.012043,-0.0083406,0.013119,-0.017305,-0.021769,-0.020361,0.034344,-0.0042304,0.012609,0.013717,-0.0014572,-0.0064481,0.016209
-1.0565,-0.022507,-0.030672,-0.019321,-0.094514,-0.13685,0.22252,0.39503,0.048204,0.044251,0.087391,-0.1724,0.077096,0.21799,0.031178,0.0085128,0.091937,0.052685,-0.018114,0.012862,0.036278,-0.054888,-0.070848,0.0078761,0.013506,0.12439,0.012174,-0.076112,0.0097213,0.010571,-0.13606,0.041446,-0.10221,-0.014792,0.050705,0.016013,0.0032974,-0.020274,-0.036825,-0.029589,-0.09856,0.060945,-0.11737,0.06007,0.027075,-0.011423,-0.074887,0.03627,0.028755,0.028766,0.045302,-0.037476,0.10441,-0.035019,0.047183,-0.015979,-0.0072308,-0.078291,-0.010719,0.059959,-0.029009,-0.047401,-0.029224,0.016983,0.0030466,0.01086,-0.040962,-0.016789,0.044008,-0.032827,0.018644,-0.013261,0.048575,0.017773,0.00045963,-0.0087844,0.050383,-0.016681,-0.0078526,0.0030126,-0.0072575,0.014066,0.0065103,-0.00056783,0.0039454,0.024625,0.021679,-0.019195,-0.031803,0.0077324,0.0074185,0.0061976,0.00634,0.016614,-0.022202,-0.0010794,-0.013013,-0.0054427,0.010691
-0.70667,0.32688,-0.070771,-0.054884,0.10333,-0.41365,-0.044451,-0.11221,0.08923,-0.047706,0.022642,0.088013,-0.078785,-0.19261,0.038435,-0.035131,-0.09068,0.062654,0.014448,-0.026312,-0.12344,0.012801,0.033012,-0.038619,0.076313,0.057208,0.073592,0.012659,-0.061207,-0.054701,-0.059687,-0.010115,0.0071661,-0.080852,-0.0044965,0.0068275,0.068838,0.10028,-0.015501,-0.08567,-0.040631,-0.079114,-0.049167,0.0092134,0.079429,0.046285,0.05174,0.015498,-0.055776,-0.024837,0.04728,-0.0008014,-0.038197,-0.010091,-0.0095242,-0.0076476,0.059493,0.035455,0.015953,0.056986,0.012201,-0.023997,0.060008,-0.040425,0.080274,-0.023832,-0.075719,-0.019878,-0.0024943,-0.037667,-0.0074365,-0.063911,0.012589,-0.0031189,0.0082854,-0.014728,-0.034274,0.013161,-0.0027941,0.0059676,3.0148e-05,0.011454,-0.03532,-0.015243,-0.030416,0.016166,-0.0093172,-0.031436,0.033974,0.0051372,0.029402,-0.021568,0.0083699,-0.0085383,-0.0011584,0.025524,0.0033119,0.0055992,-0.012193
-1.3463,-0.38232,0.38727,-0.003913,0.14087,0.61741,-0.55542,-0.061025,-0.28911,0.042228,0.20739,0.10664,-0.2843,0.13067,0.028747,0.15889,-0.028289,0.079833,-0.089809,0.049484,-0.018326,0.11407,0.062372,0.00039997,-0.05017,-0.0093099,0.10423,-0.084811,0.056802,-0.045444,0.054945,0.010234,-0.11357,0.060379,0.037297,-0.016697,0.010953,0.10196,-0.043368,0.028357,-0.0066186,0.050021,-0.06638,-0.019789,0.040674,-0.035324,0.089355,0.01963,-0.0097872,-0.038009,-0.023228,-0.0019382,0.032593,0.0019558,0.083427,0.0273,0.0077282,-0.018956,0.038978,-0.073915,0.050401,0.0084495,0.004496,0.015672,0.0078379,-7.8739e-05,0.0069972,0.020007,0.0050369,-0.0092045,-0.037184,-0.030847,-0.02262,0.015855,0.013935,-0.049428,-0.0025244,-0.021271,0.0065478,-0.0095619,0.018022,0.03708,0.021499,0.023652,0.010052,0.0037388,-0.011597,0.011032,-0.00010498,-0.010744,0.016165,0.0021635,0.016115,-0.011773,-0.01393,0.010788,0.001251,0.0033261,0.005579
0.7173,0.17834,-0.44563,-0.22077,0.078825,0.099634,0.20812,0.08846,-0.15458,-0.12274,0.086839,0.14508,0.15458,0.080895,0.19789,-0.018988,0.15924,0.049812,-0.069204,-0.11037,-0.067234,-0.016863,0.063239,0.11616,-0.076191,0.02837,-0.01995,-0.069934,-0.02338,-0.01465,-0.043588,0.0093752,-0.015421,0.045015,-0.012625,0.03114,-0.064408,0.035666,0.002862,0.022021,-0.017863,0.014005,0.042801,-0.0091244,0.04488,-0.076361,-0.026684,0.027425,-0.075986,-0.017689,-0.069991,-0.019172,0.02358,0.026114,-0.01981,0.003479,0.01381,-0.038779,0.015085,0.038627,-0.011018,-0.017248,-0.069453,0.01644,0.038812,0.0055923,-0.014748,0.027017,-0.029983,0.060805,0.058024,-0.014176,0.013946,-0.018826,0.028687,0.01618,-0.033277,-0.0060339,-0.0068749,-0.010938,0.021286,-0.020932,-0.023717,0.020109,-0.0059052,-0.019577,0.005344,0.046694,0.063573,0.0029051,0.0016903,0.0073429,0.0043702,-0.021543,-0.04479,0.0072718,0.035261,-0.017498,-0.013407
-0.55194,0.18288,-0.57944,0.17542,-0.029208,-0.01326,-0.09508,0.057528,-0.034804,0.10336,-0.16851,-0.27481,0.12762,-0.048926,0.020028,0.097136,0.1319,0.029946,-0.030356,-0.12614,-0.098396,-0.092833,0.014355,0.04497,0.0047403,0.14245,0.13846,0.014155,-0.0068548,-0.016108,-0.033804,0.083232,-0.056882,-0.026402,0.045915,-0.018206,0.0045505,0.022591,0.055133,-0.089577,0.021361,-0.019486,-0.024625,0.012156,-0.020113,0.031969,0.057677,0.010106,-0.014425,-0.031362,-0.0058791,0.052406,0.047677,-0.0063526,-0.066847,0.04385,-0.016805,-0.022373,-0.018488,0.00033493,-0.052263,0.1262,0.0047518,-0.05775,-0.046439,0.056627,0.029811,0.00012729,-0.028663,0.032194,-0.042446,0.00096863,-0.0044752,-0.0013758,0.026145,-0.054579,0.027593,-0.0010676,-0.001691,0.001443,-0.012802,-0.013284,0.004163,-0.021309,-0.0016958,-0.018445,-0.0055383,0.011429,0.0065178,0.021734,-0.014193,0.020966,0.032483,-0.0024026,0.018155,0.013656,-0.0036547,0.002043,-0.017669
1.057,-0.80014,-0.36458,-0.082513,0.11914,0.14088,0.14544,-0.065205,0.05294,-0.066203,0.011913,0.053811,-0.04006,0.097257,-0.18865,0.036286,0.14642,0.12474,0.017069,0.0018879,0.078595,0.15609,-0.031864,0.045924,-0.15767,0.025001,0.010754,0.029498,-0.11151,0.013287,0.035317,-0.0028626,0.015577,0.077031,0.026719,0.018454,-0.037278,-0.044891,0.068343,-0.060384,-0.033759,-0.053789,-0.005851,-0.079443,0.0071635,0.048838,-0.072439,0.0096287,0.040004,-0.052332,-0.015201,0.033252,-0.039131,-0.06828,-0.021447,-0.0057611,-0.050824,-0.023018,-0.036123,0.016943,0.023752,-0.018846,0.02096,0.0060305,0.0016084,-0.0034882,-0.0078521,-0.017545,0.037223,-0.02141,0.0060688,-0.007734,-0.0064991,-0.020536,-0.018379,-0.011933,0.015873,0.00061726,-0.035823,-0.044468,-0.022627,0.026367,0.031846,-0.032206,0.0036107,-0.0079346,-0.045512,-0.034903,0.032366,-0.025147,0.025418,0.035391,0.0076607,-0.05426,0.0010898,-0.012395,0.0077546,0.006003,-0.0012293
0.63355,-0.48165,0.15047,0.19039,0.10185,-0.091033,0.067743,0.10442,-0.026921,0.29152,-0.080403,-0.044377,0.02068,-0.16994,0.15501,0.14272,0.070904,0.006956,-0.12256,0.068796,-0.012451,0.046201,0.056612,0.017234,-0.099983,0.11472,-0.018985,0.0067867,0.04698,0.099007,0.04469,-0.012378,0.031446,-0.023436,-0.067539,0.0043368,-0.046477,-0.015222,-0.083479,-0.009869,-0.040004,-0.031763,0.024216,0.0041764,-0.075429,-0.070219,0.036274,-0.0014513,-0.063433,0.017596,-0.01883,0.073968,0.021656,0.031086,0.033155,-0.0010567,0.010082,0.024557,-0.03304,0.041133,-0.042228,0.037293,0.0043922,0.0066856,-0.014947,-0.0076256,-0.041602,0.055269,0.060379,-0.025437,-0.038016,0.037097,0.036435,-0.01154,0.0054633,0.038925,-0.021424,-0.023882,-0.0058385,-0.042942,-0.023916,-0.018906,-0.001644,0.040451,0.023972,0.016465,-0.053347,-0.014627,-0.0035578,-0.0067759,0.0072604,-0.054679,-0.0010751,-0.0072547,0.0039633,0.017612,-0.009353,0.011222,0.0087091
-0.88222,-0.19713,0.3379,0.012364,0.076066,-0.09581,-0.11202,0.072075,-0.15134,0.012139,0.22808,-0.15496,0.059826,0.071372,0.025306,-0.10658,0.12156,0.0014378,-0.050808,0.11623,-0.024226,-0.01082,0.061148,-0.073888,0.066238,0.0096096,0.030282,0.098148,-0.031896,0.0076154,0.018105,-0.024458,0.028786,0.090844,0.015205,0.015647,-0.16604,-0.036969,0.071429,0.009746,-0.043187,-0.013256,-0.08609,0.03826,-0.085584,-0.05165,0.024857,0.023094,-0.077186,0.062641,-0.06474,0.0028587,-0.002729,-0.027363,0.02569,0.018121,-0.028978,0.00063303,0.0098019,-0.046698,-0.038903,-0.043316,0.0048642,-0.019884,0.011598,0.0047797,0.0050216,-0.02017,-0.027122,0.0022413,-0.029079,-0.023707,-0.03436,-0.0096205,-0.051019,0.020914,-0.042691,0.0009515,0.012438,-0.017677,0.011531,-0.035535,-0.01862,-0.043307,-0.016423,0.016611,0.028915,-0.036645,0.02187,0.0099432,-0.013561,0.027869,-0.019979,0.0003753,0.015643,0.028612,-0.034608,-0.019019,-0.00046802
-0.20872,0.30757,-0.12278,0.29368,-0.15029,0.070786,0.033443,0.16956,0.1479,-0.24797,-0.030832,-0.14844,0.087861,-0.11075,-0.13284,0.12979,0.13944,-0.10386,0.096822,-0.04402,-0.057756,0.049691,0.084461,0.0034569,-0.077597,0.055176,0.036003,-0.066953,0.061896,0.080078,0.004477,-0.02155,-0.039853,0.042051,0.035785,0.022645,-0.078588,-0.044872,0.059266,0.02468,0.041662,-0.061164,-0.018073,0.017367,-0.013916,-0.058309,-0.093323,-0.071269,-0.0077443,-0.022645,-0.061164,-0.022725,-0.044028,0.069194,0.030402,-0.021886,0.059762,0.016698,0.039326,-0.026376,0.026846,-0.0090879,0.063728,-0.0041041,0.053935,0.029623,-0.012356,-0.0035051,0.00072348,-0.035569,0.028825,0.011065,-0.012344,0.026904,0.031839,-0.043719,0.0076212,0.021827,-0.041042,0.02864,-0.012672,-0.035891,0.042766,0.0038031,-0.032304,0.027571,0.012585,0.012561,-0.0083968,-0.045892,-0.0096461,-0.027244,0.021624,0.016266,0.0094888,-0.0022843,-0.010753,-0.00046719,-0.0017253
-0.65602,0.14436,0.50501,-0.12565,0.084568,-0.42149,0.2494,-0.40643,0.070151,0.06826,0.20591,0.052247,-0.085642,0.013307,0.065003,0.032676,0.0083129,-0.018914,-0.036649,0.023143,0.11808,0.089291,0.1252,-0.017877,0.027755,0.013955,-0.020565,0.088445,-0.048564,0.04688,0.0077063,0.098037,0.093189,-0.010213,0.017071,0.034798,0.040255,0.13284,-0.037365,-0.04243,-0.0088645,0.009077,-0.032353,0.076762,-0.0093632,-0.0063466,-0.092314,-0.063104,-0.060973,-0.094949,-0.046773,-0.001547,0.013111,0.027253,-0.047522,0.031055,0.0089126,-0.05228,-0.016295,-0.014397,-0.027682,-0.064526,0.016344,0.048667,-0.043571,0.025992,-0.0097604,-0.0269,0.041107,0.02561,-0.021326,0.031439,-0.032435,0.0077388,0.019274,-0.037428,-0.011895,0.0050112,-0.0094059,0.021852,-0.0040997,0.014737,0.018346,0.0093482,0.00074485,-0.060244,-0.0010836,0.0090023,-0.0012656,0.021958,-0.0024519,-0.010002,-0.012018,0.011512,0.020662,-0.0070825,-0.00039947,-0.011783,0.0081431
-1.139,-0.41553,0.75195,-0.26807,-0.27916,0.052336,0.16692,0.17033,0.12272,-0.16994,-0.26945,0.31377,-0.09992,0.14221,-0.072713,-0.061332,0.10951,0.089536,-0.012961,-0.0030304,-0.072466,0.11473,-0.062987,-0.033217,0.076445,-0.073906,0.04953,0.11518,-0.074413,-0.048873,0.062607,-0.12038,0.044509,-0.02346,-0.019083,-0.060167,-0.015207,0.082472,-0.033378,0.043701,0.067126,-0.056414,0.013011,-0.00097524,0.021907,0.026114,-0.049493,-0.048793,-0.042476,0.019537,-0.036897,0.055382,0.021376,-0.00559,0.012554,0.038222,0.012854,-0.0017827,-0.0022214,0.029273,-0.046368,0.031407,0.014747,-0.021423,-0.023377,0.018426,-0.0175,0.054472,-0.0027673,-0.034625,0.053713,-0.049671,0.029568,-0.011012,0.0050971,0.013889,0.046388,-0.054835,0.014036,0.011604,0.013867,-0.015922,0.0034995,-0.007207,-0.013071,-0.0058487,-0.0019168,0.030374,-0.026649,-0.0068823,-0.022495,0.024456,0.01552,-0.0011885,0.0068646,0.012379,-0.011173,-0.007185,0.010862
-1.3339,-0.27973,-0.19809,-0.028793,0.17237,0.0031961,0.085196,-0.1561,-0.070189,0.0031587,-0.088705,-0.0023825,-0.12481,0.16002,0.19032,0.145,-0.14759,-0.097266,-0.1071,0.11077,0.095684,-0.21396,-0.22932,-0.044146,0.032816,-0.069227,-0.057164,0.0024966,-0.065008,-0.082506,-0.11131,-0.056025,0.035644,-0.017673,-0.042522,0.0088888,-0.13461,-0.04856,0.021403,0.027724,0.0078705,0.0052082,0.011898,0.049942,0.03541,-0.08411,-0.040906,-0.040957,0.017135,-0.038746,-0.0010983,-0.024219,-0.087536,0.035848,-0.048811,-0.032952,-0.027377,-0.0010076,-0.040146,-0.033798,0.041631,0.044685,-0.0078605,-0.037604,-0.015529,-0.00015005,-0.052399,-0.019337,0.0058316,-0.024266,-0.010782,-0.017125,-0.017542,0.009255,0.018498,-0.057633,0.0365,-0.02627,0.020129,-0.0263,-0.0066278,-0.011916,-0.02682,-0.00010591,0.012984,-0.0043666,-0.0089892,0.011171,0.017646,0.0021123,0.0092986,-0.020957,-0.0058158,-0.0055025,-0.011632,0.0060228,-0.0097631,0.00041597,0.013024
1.4494,-0.79158,-0.57759,0.54067,0.18361,-0.11087,0.025757,-0.15042,0.24134,-0.059018,-0.17941,-0.017365,-0.19978,0.14548,-0.11097,0.069193,-0.039196,0.16545,-0.18205,0.23531,0.03242,0.0055233,0.15444,0.004539,0.0045855,-0.039716,0.077984,-0.016647,-0.030651,-0.079567,0.0014716,0.065396,0.065969,-0.029,0.083824,0.0070504,0.074835,-0.082464,0.033676,-0.027363,-0.044987,0.060839,-0.034217,-0.01032,-0.0037891,-0.001157,0.012083,-0.075495,-0.056585,0.021582,-0.014438,0.019847,-0.043789,0.0051797,0.0081106,-0.027004,-0.026505,-0.011863,0.038227,0.0060763,-0.0020225,-0.00051983,-0.056936,-0.050807,0.023346,-0.0018676,-0.0012204,0.011325,0.013633,0.019416,0.042121,-0.039671,0.014533,0.038054,-0.0087815,0.020215,-0.013641,0.044126,0.023399,0.025707,-0.017525,0.014097,-0.0099665,0.028419,0.023534,-0.012131,0.011637,0.01776,-0.016931,-0.012508,-0.036523,-0.0082324,0.0074462,0.0062072,0.0096365,0.0013156,-0.016824,0.00052591,-0.010389
0.77181,-0.43431,-0.40876,-0.55986,-0.15136,-0.033293,-0.024621,-0.035331,0.0043596,0.10045,0.079087,-0.063404,-0.12883,-0.023674,-0.047794,-0.018578,-0.032803,0.091198,0.10454,0.12464,0.039256,0.03135,-0.014695,0.016588,-0.036799,-0.066287,-0.02797,-0.038117,-0.070749,0.017004,0.0050178,-0.011567,0.04539,0.0048208,0.0018128,-0.048593,0.011282,-0.046781,-0.012662,-0.066332,0.0049537,0.012764,0.032467,0.038308,-0.015242,0.034285,-0.0031574,-0.0026809,0.056872,0.012921,-0.048473,-0.046286,0.071733,-0.051548,-0.029147,0.0038834,0.035925,-0.00053279,-0.039467,-0.046717,-0.015772,-0.0028706,-0.018091,0.0030704,0.037678,-0.0023554,0.0046697,0.069666,-0.068038,0.010112,8.041e-06,0.010894,0.014075,-0.013643,-0.0075413,-0.047486,-0.020351,-0.032406,-0.01511,0.0463,-0.054299,-0.032596,-0.015799,0.041063,-0.0078718,-0.014218,0.011694,-0.017362,0.00077529,-0.028645,0.049751,0.0057457,-0.010788,0.039233,0.0071098,0.046994,-0.00079702,0.022763,0.013401
-0.9029,-0.16297,0.51688,-0.1732,0.20317,-0.072019,0.10497,-0.43602,-0.079614,-0.31326,0.057509,0.25551,-0.11475,0.084123,0.057686,0.031148,0.058576,-0.11127,-0.076649,0.0088465,-0.14622,-0.15083,0.13317,-0.047973,-0.054652,-0.046377,0.094856,-0.081104,0.10176,-0.029083,-0.015604,0.054477,0.0046911,-0.019003,0.0035856,0.0083284,-0.039643,-0.0039522,0.073714,0.017441,0.1028,0.0096867,0.033458,-0.10216,-0.057466,0.048617,-0.046221,0.032153,-0.035073,-0.034926,0.034443,-0.023721,0.086888,-0.036171,-0.00456,0.002455,-0.013915,-0.014909,-0.0045531,-0.0043265,-0.028527,0.016546,-0.037811,0.009445,0.00057986,-0.073249,-0.040635,-0.036257,-0.029024,-0.011597,0.0054335,0.032413,-0.0045418,0.0069676,-0.0028668,0.001438,0.0065924,0.012533,-0.020167,0.0076411,-0.05574,-0.018287,-0.029805,-0.017468,0.011681,0.037097,-0.015534,-0.018617,-0.02837,0.0021212,-0.01104,-0.014547,0.0087799,-0.0047268,0.0074041,-0.0062762,0.019197,0.0011694,0.0039008
-0.46835,0.29521,-0.41168,0.41545,-0.85858,-0.12137,0.20993,-0.16507,0.23877,-0.10249,0.42007,-0.035528,0.19445,0.24754,-0.0072633,0.34105,-0.01635,-0.090152,0.12146,-0.0039915,0.041681,0.065895,-0.12612,-0.16137,0.026094,-0.15794,0.06045,0.063657,0.085491,-0.14856,0.054464,0.029551,0.0050434,0.098087,0.045486,0.027139,0.022394,0.01135,-0.017044,0.0060797,-0.004428,-0.0098361,0.034776,-0.016443,-0.0086947,-0.019277,0.046997,0.017405,0.013872,0.03157,-0.034518,0.0063485,0.039479,0.031218,-0.024104,0.0014674,0.01605,0.02818,0.014506,0.066048,-0.0094523,0.014061,-0.001357,-0.026171,0.011147,-0.038797,-0.013939,0.020039,0.025191,-0.02427,-0.012349,0.019999,-0.0059687,-0.001865,-0.0011538,0.0083309,-0.034105,-0.00046286,-0.010949,-0.02224,-0.012574,0.010574,0.0059371,-7.203e-05,0.007209,-0.018821,0.0011644,0.0035544,-0.00063344,0.013572,0.008751,0.023127,0.0037848,0.012592,-0.0075786,0.0010224,0.0034225,0.0039097,-0.0014797
0.87891,-0.69658,0.010515,-0.23063,-0.027262,-0.052468,0.0053273,0.083267,0.0012665,-0.018415,0.03837,0.020954,0.10056,-0.063384,0.014074,0.018163,0.023653,0.088042,0.069627,-0.018875,-0.025575,0.057968,0.036575,-0.11241,-0.087385,-0.043449,0.021725,0.0042248,-0.015124,-0.038491,-0.0039071,-0.0081632,-0.0067156,-0.04965,-0.0025587,-0.053045,0.095482,-0.031655,0.008023,0.085276,-0.029854,-0.035962,-0.047042,0.043968,0.0013187,-0.076832,-0.025453,0.030704,0.039607,0.045742,-0.043293,0.030094,-0.00052793,-0.033488,-0.017532,-0.04035,0.004748,-0.016626,0.0024987,-0.0091137,0.017116,0.025145,0.034683,0.04857,0.030337,-0.0024355,-0.013509,-0.013284,-0.033729,0.01198,0.015633,0.027266,-0.019931,-0.0085247,0.036604,-0.029378,0.015877,-0.044038,-0.0053832,-0.019905,0.00022727,0.051866,-0.023715,-0.026544,0.031028,0.032844,-0.005026,0.012628,-0.0065575,0.031752,-0.032564,-0.023312,-0.050115,0.013882,0.03516,0.0058637,0.013424,-0.011424,-0.064638
-0.90558,-0.24241,0.33435,0.44355,0.17661,-0.2012,-0.038318,-0.11394,-0.061014,0.045279,0.0049875,0.018111,-0.013534,0.12503,0.027121,-0.00060639,-0.00015196,-0.00486,0.15585,-0.00025923,-0.13599,0.020652,-0.10683,0.095741,0.027785,0.074008,-0.040453,0.075531,-0.0078707,-0.019924,-0.06095,-0.078743,-0.051802,-0.075322,-0.078297,0.031389,0.034089,0.010595,0.050691,-0.013817,-0.032774,0.043995,-0.057453,-0.013318,-0.045688,0.045443,-0.078237,0.0080768,0.0047738,0.096232,-0.030709,-0.02503,-0.0096524,-0.050751,0.0057849,0.011165,-0.056319,0.069165,0.00963,-0.032577,-0.030915,-0.0099616,0.048905,0.025085,0.0206,-0.02079,0.021504,0.041899,0.016538,-0.0091632,-0.019482,0.021534,-0.018648,0.019726,-0.022643,-0.0060992,-0.018615,0.012579,0.0040487,0.023217,-0.039722,-0.0041783,0.0073068,0.01732,0.02233,-0.0057911,0.01642,0.076456,0.023931,0.027169,0.021642,-0.012683,0.026261,-0.027698,-0.021313,-0.018213,0.0028436,0.022076,-0.01928
0.84381,0.63745,-0.3758,-0.087785,-0.78094,0.26955,-0.22328,-0.48524,-0.21993,0.098322,-0.070079,0.04261,0.021553,0.23411,-0.077254,-0.043242,-0.0022851,0.06517,-0.16524,-0.01864,0.094111,0.020268,0.083231,0.096421,0.011739,0.10834,-0.076669,0.25846,0.066961,-0.0042857,0.00025768,-0.026447,-0.054287,-0.098099,-0.037631,0.00060672,-0.094581,-0.044925,0.026057,0.035899,-0.098331,0.017293,-0.0033953,0.024881,0.0068594,0.047509,-0.017611,-0.0037076,0.022539,0.02448,0.014696,0.012404,0.020831,-0.02759,0.0070472,0.01783,0.077494,0.015703,0.0077871,-0.05691,0.038389,0.023943,0.0059459,-0.010807,-0.017535,-0.015077,-0.038133,-0.019902,-0.00040098,0.019617,0.020564,-0.015042,0.018865,-0.027773,0.011829,0.0040602,-0.014196,0.0053674,-0.032253,0.0037265,-0.0073058,0.011511,-0.0043281,0.00099819,-0.026509,0.0035953,-0.0074705,-0.0021258,-0.02667,0.0055932,-0.0086614,-0.020209,-0.00055281,-0.0024729,-0.00016734,-0.010203,0.015603,-0.011237,0.0005955
-0.9921,0.53372,-0.16518,-0.11832,-0.062191,0.52742,-0.04861,-0.024543,0.64459,0.48417,-0.25267,0.034915,0.07468,0.030671,0.07292,-0.31271,-0.1046,-0.1774,0.10669,0.17464,-0.095533,0.10852,0.020486,-0.0062353,-0.17203,-0.085798,0.087651,0.025267,0.064187,-0.08573,0.0068817,-0.0076288,-0.073761,0.023222,-0.050369,0.05329,-0.010587,0.022539,0.0893,-0.059464,0.018014,0.021113,0.028658,0.028528,-0.040692,-0.076556,-0.020558,-0.010878,-0.041966,-0.014808,0.064863,-0.053631,-0.027908,-0.036353,0.019495,-0.0030391,0.0077401,-0.0075853,-0.0036561,0.027509,-0.013193,-0.039616,0.00824,-0.0079526,-0.012801,-0.0094928,0.0005265,0.014912,0.0035732,0.04912,-0.0072252,-0.0088867,0.015061,-0.011223,0.023988,-0.016533,-0.0039809,-0.016056,0.0087875,-0.0097882,-0.012839,0.013377,0.010947,-0.00013577,0.0050462,0.0062161,-0.010435,-0.0019017,0.00084685,0.006772,-0.0087905,0.007188,0.0004784,-0.0018229,0.008362,0.0005838,-0.0021626,-0.0012737,0.0030533
-0.29682,0.87061,-0.54766,-0.066471,0.12341,0.56157,-0.28785,0.006321,0.13395,-0.025176,0.07198,0.047087,-0.041216,-0.085031,0.24759,-0.027541,0.20215,0.065991,0.018832,0.030491,-0.097379,0.089171,-0.11558,0.0035053,0.084664,0.082937,-0.024845,0.03,-0.0077752,-0.047704,-0.0013984,-0.086339,0.016446,-0.052053,0.18306,0.033256,0.07649,-0.0058163,-0.041693,0.063151,0.075033,-0.095898,-0.10371,0.042541,-0.038128,0.020614,0.014584,0.0023361,0.059342,-0.05983,-0.068179,-0.0174,-0.029705,-0.0092845,-0.015746,0.021013,-0.051819,0.0093921,0.0051499,-0.0016419,-0.010177,-0.0033717,-0.025409,0.0067356,-0.011065,-0.026956,-0.029684,-0.0040791,0.01561,0.036562,0.021903,0.030103,0.0037328,0.0011006,-0.01324,0.024952,-0.0082223,0.0013843,0.011656,0.010246,-0.0075977,-0.017365,-0.021276,-0.021393,0.022139,-0.016547,9.3388e-05,-0.018492,-0.01832,-0.020073,0.0002517,-0.030137,-0.019852,-0.0069667,-0.012355,-0.016065,-0.0089169,0.017868,0.014734
-0.64132,0.44418,-0.05884,-0.35842,-0.12898,-0.2706,0.07939,0.10975,-0.04313,-0.10268,0.12975,0.016457,-0.14295,-0.12669,-0.022044,0.11191,0.026047,-0.048107,0.13791,-0.0075931,-0.072537,-0.00069277,0.066881,0.034728,-0.050274,0.097523,-0.067005,0.017889,-0.12082,-0.016389,0.12266,0.088072,-0.11244,0.054511,0.067105,-0.032962,-0.038451,-0.019066,-0.059892,-0.04678,-0.044547,0.0070813,0.015599,-0.06329,-0.092732,-0.023728,0.013496,-0.0030224,-0.023938,0.055947,0.034514,-0.0071789,-0.057465,-0.0036034,0.0050306,0.018998,-0.037674,0.0019764,-0.047304,0.0012565,0.088323,-0.009389,0.0026958,-0.021126,-0.017581,-0.028572,0.046012,-0.039775,0.037617,0.021575,0.070426,-0.022187,-0.026541,0.0047353,0.026524,0.0098044,0.007867,-0.061496,0.040746,0.008095,-0.013824,-0.0063802,-0.040041,0.01516,-0.011548,-0.0010778,0.0030097,0.0062787,-0.01336,0.027393,0.0084357,-0.013269,0.028543,0.015822,0.020033,-0.0064401,0.0054346,0.010164,0.0076373
-1.0883,-0.11223,0.070355,-0.078895,0.12198,-0.33498,-0.0058041,0.18,0.16244,-0.035519,-0.11696,-0.06083,-0.0017817,-0.024881,-0.10907,-0.0036221,-0.12998,-0.15418,-0.11407,0.05021,0.030704,0.18587,-0.00074622,0.06023,-0.10059,0.041757,-0.11303,0.0095225,0.044318,0.018598,-0.046574,-0.029032,-0.088075,-0.0078564,0.062393,-0.072373,-0.00035226,-0.0026834,0.04637,0.061096,0.017589,0.013568,-0.026583,0.079084,0.027093,0.079059,-0.022707,0.013395,-0.0019133,-0.062928,0.011161,0.057617,0.050857,0.0029891,-0.052397,-0.030528,-0.015176,0.034994,0.037203,0.0048106,-0.014338,0.0017408,0.0031907,-0.026293,-0.022631,-0.024356,0.018923,-0.042584,-0.0090406,-0.016213,-0.0053299,0.0064065,-0.024426,0.0052209,-0.048222,-0.0024922,-0.052962,-0.045755,0.0087432,-0.049279,0.020386,0.00047978,-0.033836,0.038257,0.012589,0.0055092,0.0033843,0.0038273,0.023669,-0.04789,-0.027242,0.015086,0.024116,0.041464,-0.0099209,-0.012422,0.028113,0.0030604,-0.0045047
0.62132,-0.46939,0.18685,-0.40858,-0.2436,-0.36143,-0.14136,-0.091402,0.10239,0.1463,-0.049923,-0.065453,0.006745,-0.020237,0.13737,0.011197,-0.0048643,-0.1048,0.075658,0.059247,0.065665,0.016053,-0.076486,0.016082,0.084514,0.012177,-0.022102,-0.10705,0.026668,0.072235,0.055158,0.025904,-0.1105,0.038219,0.063876,-0.014108,-0.0065512,0.0090933,0.041449,0.010894,0.049549,0.052625,0.016958,0.063646,-0.016947,0.036293,0.022553,0.052105,0.024674,-0.041986,-0.036507,0.052292,-0.0050336,-0.032438,0.028503,-0.043215,0.056147,0.01686,-0.080644,-0.040982,-0.018845,-0.030576,-0.02518,-0.06515,0.030909,-0.029309,-0.014089,0.013002,-0.016639,-0.027339,0.0077101,0.0016613,0.0090193,0.034385,0.017009,0.034247,0.011895,0.015721,0.060221,0.011345,-0.0044208,-0.0048234,0.043287,-0.021471,-0.030229,-0.041294,-0.015422,0.0032421,-0.007745,0.0068994,-0.0096927,-0.022409,0.0013402,-0.0408,-0.012742,-0.012282,0.0056317,-0.034909,-0.030537
-0.87869,0.52684,-0.14626,0.028993,0.37356,-0.41236,-0.21838,-0.13836,0.25883,-0.29935,-0.03827,0.18069,0.24117,-0.18771,-0.064236,-0.11331,-0.016324,0.12797,-0.1384,-0.0033091,0.14411,0.089217,-0.086864,0.0014204,0.045106,0.018584,0.15222,0.051375,-0.046051,-0.011107,-0.10224,-0.0098087,-0.049544,0.060512,-0.019257,-0.0042831,0.010894,-0.014777,0.040793,-0.014674,-0.020982,-0.011781,0.095794,-0.047227,-0.069872,-0.017363,0.061657,-0.0041375,0.060273,0.036944,-0.017649,-0.090306,0.037748,0.0094494,0.012278,0.011178,0.03204,-0.013282,0.024801,-0.039243,0.0066942,0.017756,-0.0059149,0.054281,0.017823,0.062955,-0.0060954,-0.023266,0.013471,-0.034522,0.018031,0.041253,0.030976,0.025751,-0.028638,-0.014421,-0.013933,-0.026346,0.043307,-0.024845,0.00098771,0.0053037,-0.014311,0.024545,-0.011041,-0.023594,-0.017852,0.0041285,-0.016661,-0.0022078,-0.010533,-0.0057507,0.0015015,-0.030269,0.0039581,0.003468,-0.0072412,-0.012394,0.0025219
-1.054,0.23195,-0.14214,-0.1603,0.026202,0.15196,-0.030894,0.18872,0.19756,-0.20013,-0.050955,-0.14032,0.0089655,-0.086555,-0.13278,-0.12565,0.04257,-0.16867,-0.088835,0.095862,0.01639,-0.028095,0.047556,0.10122,0.11444,-0.25353,-0.052483,0.043762,0.021465,0.045173,0.043775,0.10512,-0.020306,-0.093957,0.03597,-0.039026,-0.019084,-0.019125,-0.033582,-0.0070743,-0.055491,-0.068071,0.048494,-0.056607,0.075736,-0.075276,0.053246,0.049028,0.029897,-0.020055,-0.026279,0.081809,0.0080433,-0.050217,-2.8905e-05,-0.015081,-0.0147,0.038009,-0.015274,-0.023806,-0.051292,-0.021211,-0.026159,0.037333,-0.014744,0.042067,8.6603e-06,-0.027595,0.060233,0.005098,0.0010289,-0.024899,-0.027761,0.038694,-0.018848,-0.0087099,-0.0015046,0.0068654,-0.042763,0.017039,-0.013408,-0.014789,-0.0021556,-0.018269,0.0080314,0.013703,-0.0050046,0.028314,-0.014705,0.015248,0.031577,-0.014003,0.0071264,-0.0034311,-0.023912,0.020718,0.0065323,0.00083935,-0.013364
0.88925,-0.4116,-0.14229,-0.32396,0.25662,-0.099189,-0.16565,0.0018761,0.054277,0.24289,0.14167,-0.23142,0.24744,0.028777,0.0023239,0.091325,0.081483,-0.010259,0.10453,-0.11903,-0.035614,0.0092946,0.021927,-0.05045,0.031016,-0.1186,-0.051589,0.022013,-0.023275,0.035696,-0.078531,-0.069042,0.10133,-0.075423,-0.050363,-0.0011376,0.033285,0.055083,0.013476,-0.03026,-0.025383,-0.052703,0.027089,-0.02609,-0.039668,-0.0092354,0.010103,0.034043,-0.066479,-0.059449,0.015904,-0.018406,0.0019939,-0.011605,-0.023008,0.091925,0.0092773,0.0013955,-0.0045711,-0.083269,0.024339,0.025637,-0.018392,-0.042506,0.076193,-0.02674,0.011867,-0.016865,0.041242,0.0067336,0.037535,-0.015229,0.01055,0.017529,-0.028566,-0.013293,0.011393,-0.010047,0.0079333,-0.005612,0.014935,-3.1462e-06,0.039583,0.033747,0.019055,0.04042,-0.0086342,-0.0129,-0.019985,0.019535,-0.033191,0.020282,-0.0023171,0.019797,-0.033588,-0.032882,-0.00077376,-0.00056079,0.015332
-0.63485,-0.024735,0.14964,-0.487,-0.28618,-0.20874,-0.025419,0.28181,0.12974,0.10373,0.059504,-0.093786,0.039528,-0.0053594,-0.20543,0.03656,0.049422,0.036978,-0.016649,-0.10117,-0.093537,-0.20254,0.0038785,0.022348,-0.061619,-0.066238,-0.057832,-0.043667,0.048355,-0.072177,0.049175,0.039142,0.026276,-0.10582,0.027953,-0.0439,-0.073281,-0.035699,-0.030871,-0.033664,0.0035612,-0.1002,-0.052067,0.033602,-0.081868,0.059219,0.027603,-0.082014,0.004684,-0.026352,0.035077,-0.028029,0.010361,0.055604,0.080811,-0.061607,0.023234,-0.013669,0.030465,-0.029965,0.0043208,-0.0011833,0.012275,0.027238,-0.010019,0.0063224,-0.009824,0.033517,-0.026497,0.015994,-0.0048253,0.0032469,0.013409,0.031736,-0.021248,0.0097531,-0.0073339,0.021997,5.1921e-05,-0.0046082,-0.0094739,0.048946,-0.035152,0.001368,0.016913,-0.024261,-0.041449,0.029285,0.03361,0.0015369,0.012368,0.030874,-0.018483,-0.018039,0.0039701,-0.03073,-0.013466,-0.015521,0.014989
-0.90358,-0.11092,-0.037331,0.074482,-0.093401,0.10876,0.029239,0.20316,-0.21575,-0.06828,0.041172,-0.10016,-0.11603,-0.12762,0.051471,0.039826,0.066153,-0.2136,0.19801,0.13484,-0.038083,0.1636,-0.046027,0.0789,-0.0070664,0.032556,0.039417,0.0071037,0.10601,-0.0041979,0.017134,-0.029133,0.011991,-0.034607,0.0012847,-0.046669,-0.022497,0.072281,-0.020246,-0.039554,0.012325,0.069956,0.032169,-0.067603,-0.0057356,0.014217,-0.051807,-0.049874,0.03954,0.067649,-0.017054,0.004331,-0.037417,-0.01512,0.012739,0.011743,0.0025913,-0.02176,0.012469,-0.0028039,-0.011401,0.033887,-0.05655,-0.024601,-0.0068974,0.019943,-0.020318,-0.078456,-0.026729,-0.028529,0.01607,-0.0012658,0.039915,-0.027575,-0.047263,-0.015383,0.019074,0.047705,-0.024335,0.028619,0.04151,0.017327,-0.013817,0.040024,0.0049136,-0.028301,-0.04404,-0.018192,0.034363,0.028263,-0.014208,-0.0093345,-0.04115,0.0094469,0.00095654,0.011171,-0.0071099,-0.0014696,-0.0055792
-0.76642,-0.03479,0.42797,-0.043044,-0.25138,-0.1158,-0.023753,0.38055,0.0021776,0.15684,0.10134,0.21936,-0.020759,-0.043668,-0.14323,-0.012826,0.0089587,0.17268,-0.081696,-0.014119,-0.035478,0.18966,-0.082593,-0.042301,0.028274,0.059481,-0.085321,-0.054757,-0.084018,-0.085416,0.067612,-0.06497,-0.0070206,-0.059157,-0.023431,-0.037848,-0.051698,-0.055908,0.0080616,0.04204,-0.011487,0.047323,0.028844,-0.072962,-0.02608,0.030571,0.009222,0.025593,-0.00024117,-0.072705,0.043453,-0.039977,-0.037921,0.025849,-0.018928,-0.025991,0.014897,-0.0067262,0.0068972,-0.010667,-0.029521,-0.024672,-0.0464,-0.020282,0.045977,0.043864,0.014258,-0.041567,0.0014772,0.0031227,-0.053578,0.0058118,0.0068834,-0.021317,0.083235,-0.010527,-0.021686,0.054104,-0.022098,-0.028498,-0.01402,-0.048565,0.00036268,-0.0038836,0.040023,-0.014019,0.016245,0.0015504,-0.034002,0.027625,-0.0017618,0.0054668,0.001506,0.012572,-0.0081433,-0.00039204,-0.0054396,0.0098118,-0.012047
-1.2846,-0.31613,-0.027394,-0.021058,-0.066341,0.066166,-0.070536,0.26001,-0.19038,-0.14795,-0.13654,0.047339,0.041532,0.097128,-0.022175,-0.08778,0.075288,-0.069667,0.0087307,-0.072232,0.0025844,0.052853,0.034888,-0.023503,0.063055,-0.05396,0.074218,0.12315,-0.19368,0.06445,0.059218,0.10862,-0.00079636,-0.066211,-0.045272,-0.016484,0.038012,0.030216,-0.012354,-0.047614,0.058117,0.083863,-0.045375,0.029517,0.014077,-0.046147,0.012158,0.062633,0.018601,0.013254,0.052391,-0.053702,0.019173,-0.003608,-0.03359,-0.061151,0.034228,-0.016498,0.02556,-0.0092204,0.049012,0.0077952,-0.012093,-0.075652,0.013077,-0.050294,0.0019476,0.042754,0.04022,0.02312,0.0033943,0.092327,-0.020654,0.018319,-0.0067019,0.01654,0.016525,0.027611,-0.037712,-0.029035,0.022316,-0.0042202,-0.0077881,-0.00077586,-0.01709,0.001556,0.0011955,0.01482,0.020219,-0.02991,-0.012932,-0.011021,-0.014573,-0.013127,0.011144,0.010416,-0.015157,0.0086663,0.01623
1.0222,-0.3617,-0.31048,-0.16056,0.33273,0.2734,0.33022,0.019554,0.12838,0.075199,0.32592,-0.059345,-0.17363,-0.24101,-0.18129,-0.069924,0.016008,0.028508,0.040289,-0.11248,0.077659,0.085763,-0.012936,0.031737,0.056592,-0.0062029,-0.053888,0.15336,0.056795,-0.05269,-0.018995,0.040014,-0.058301,-0.067067,-0.0053344,0.016691,-0.035259,0.082634,0.055556,0.084771,0.0038044,0.0063298,-0.033841,-0.052681,0.0090716,-0.013718,0.050484,-0.069315,-0.068952,0.025853,0.065243,-0.023995,0.0091697,0.052012,0.019434,-0.063042,-0.002921,-0.032146,-0.037524,0.03121,-0.021757,0.047053,-0.045096,0.012906,0.0051385,-0.00083314,0.016413,0.02815,-0.02199,-0.038328,-0.0085668,0.014151,-0.04266,-0.02385,-0.026612,-0.01032,0.025856,-0.012509,0.02782,0.00099012,-0.041093,0.0092738,0.024652,-0.019278,-0.033406,-0.010026,0.040635,-0.014275,0.0094997,-0.0087338,-0.011866,-0.029305,-0.0063244,0.0014664,-0.030069,-0.0062604,0.0061031,0.008931,-0.00090467
-0.4231,0.55661,0.073012,0.090231,-0.18307,0.17936,0.36351,-0.16179,0.19299,0.44578,-0.076333,0.16196,0.13464,-0.090293,-0.12033,0.23226,0.057649,0.077556,0.1072,0.038255,-0.12504,-0.045507,0.20014,-0.067087,0.047998,0.061924,-0.049812,-0.012605,-0.125,0.045506,0.030088,0.026357,-0.0071021,-0.0069629,0.043976,0.052923,-0.087433,-0.019872,0.018573,0.025967,0.087291,0.08047,0.022965,-0.040519,0.12659,0.00072151,0.020067,-0.0099243,0.064921,0.032081,0.020151,0.038879,0.033217,0.0249,-0.066309,0.0010623,-0.053907,0.0053614,0.0066461,-0.055221,-0.01165,-0.030854,0.026064,0.040175,0.032949,0.012381,-0.0029957,0.023851,0.012819,-0.013205,-0.010157,0.0025143,0.029794,-0.01113,-0.043995,-0.020917,0.011465,0.015027,0.048491,-0.0027305,0.021044,0.017271,-0.02776,-0.00042539,0.0030354,0.016245,-0.0048775,-0.0024937,-0.0031948,-0.0068902,-0.0046362,-0.0063336,-0.0075022,-0.004288,-0.013706,0.0083894,-0.0029063,-0.018151,0.001612
0.48961,-0.38725,-0.37815,-0.080105,0.061327,-0.27286,-0.13939,-0.26229,0.032558,0.15965,-0.15577,-0.13303,-0.11874,-0.13147,-0.13918,-0.011832,-0.00034458,0.012188,0.068939,-0.15608,-0.014803,0.049075,-0.032587,-0.066052,-0.030564,-0.030609,0.017008,-0.044071,-0.040553,0.0036107,-0.068419,0.0040506,0.012623,0.066091,-0.018971,0.0039998,-0.096392,0.048804,0.011093,0.053304,-0.0028294,-0.05965,-0.027039,-0.019775,-0.038777,0.080654,0.047526,0.021107,0.049966,0.031531,-0.016385,-0.057792,-0.047466,0.00040163,0.0016208,-0.027496,-0.053213,-0.060374,-0.017554,0.022139,-0.030453,-0.026179,-0.011969,0.0018363,-0.088567,-0.057273,-0.038077,0.021696,0.0083958,0.0032189,0.010649,-0.001411,-0.0083009,0.0044213,0.015956,-0.014373,-0.039678,0.029783,-0.027699,0.0096911,0.075715,0.0076597,0.016867,0.010456,-0.0081238,0.030423,-0.005889,0.040871,-0.041077,0.008418,-9.6037e-05,-0.01382,0.012332,0.013032,-0.012042,0.043462,0.0072809,-0.010477,0.0020092
1.2295,0.62439,-0.093355,0.043431,0.15093,-0.029819,-0.10825,0.23549,-0.14873,-0.073526,-0.059464,-0.062005,0.16076,0.15192,0.072625,0.079192,-0.09825,0.024785,-0.089381,0.15525,-0.01629,0.084835,0.067976,-0.13496,0.049753,0.017698,-0.0085868,0.011805,0.057163,0.01664,-0.026728,-0.048086,-0.052401,0.0069775,-0.080586,0.023232,-0.017802,0.046152,-0.082005,0.0073556,0.064304,0.012228,-0.028028,-0.030424,0.00045249,0.020834,-0.039224,-0.10668,0.054024,-0.021836,0.02721,-0.014322,0.0041308,0.0020137,-0.010886,-0.026156,0.011075,-0.037495,-0.10974,0.014372,-0.0066813,0.0033184,0.035329,-0.0056779,0.020249,0.042294,0.004534,0.012474,-0.012018,0.035468,0.0088128,0.0019404,-0.084541,0.045384,-0.0064805,0.042334,-0.015224,0.00821,-0.0054825,0.011362,-0.0066177,0.010283,-0.022404,0.019595,-0.021981,0.029715,-0.029071,-0.013665,-0.019279,0.015019,-0.013286,0.041095,-0.00025841,-0.0223,-0.0241,0.021584,0.0048362,0.027446,-0.015234
1.249,0.15073,0.26232,0.12975,0.12677,0.27954,0.095387,0.24868,-0.072644,-0.10288,-0.033443,-0.04754,-0.21139,0.061012,0.12403,-0.049802,-0.0030056,-0.16682,0.1651,-0.17515,0.099076,-0.017455,0.013171,0.077158,-0.046769,0.071664,0.020362,0.054571,-0.080914,-0.20118,-0.075196,0.072275,0.0099124,0.071698,-0.049504,-0.13036,0.036071,-0.042558,0.023737,0.05396,-0.039539,-0.046673,0.063097,0.057661,-0.004877,0.0048031,0.015772,-0.045966,0.0086287,0.01052,0.023503,0.045888,0.094286,0.027229,-0.046577,-0.036225,-0.016036,0.0096064,0.0037313,-0.02996,0.021484,-0.035695,0.014798,0.025503,0.043658,-0.016497,-0.016406,-0.011737,0.021721,0.015994,-0.033592,-0.01474,-0.004006,-0.0063694,0.011381,0.014589,-0.019664,0.013665,0.022532,0.057984,0.0137,-0.022034,0.01578,-0.0096349,0.02609,0.0024054,-0.042729,-0.012889,-0.0099681,-0.00051191,-0.025913,0.0028372,0.013555,-0.021054,-0.0046258,0.017146,-0.017999,0.0013912,0.011469
0.55253,-0.35596,0.19158,-0.11283,-0.37798,-0.098061,-0.16434,-0.0036253,0.030044,-0.06682,-0.073396,-0.11376,0.19719,-0.0073437,0.1436,-0.10017,-0.19883,0.0020487,0.00012842,-0.11964,0.043579,0.10152,0.088797,0.052199,0.0086765,0.0048532,0.018286,-0.11911,0.04777,-0.086664,-0.04804,0.04934,0.079238,-0.056447,0.050962,0.011122,-0.021492,0.0062638,0.046333,0.05409,0.034245,0.07067,0.0022486,0.0030449,0.058036,0.044587,-0.041469,0.041525,-0.024502,0.022807,-0.022424,-0.064577,-0.0097679,0.044477,0.023425,0.037888,-0.01581,-0.033204,0.021729,-0.017062,0.04587,0.0044776,0.0019598,-0.015783,-0.02281,0.066126,0.011608,0.046723,0.04218,-0.0043892,0.029678,-0.011703,-0.032255,-0.029287,-0.045793,0.029276,-0.00087489,-0.0034188,0.01645,-0.016181,-0.01873,-0.019581,0.00098681,-0.062105,0.0069285,-0.00071815,-0.061671,-0.0038536,0.0050028,0.016418,0.034529,-0.024543,0.013315,0.035203,0.0066765,0.0057198,-0.010062,0.0232,-0.0077095
1.0467,0.34641,0.38047,-0.19742,-0.41944,0.19309,-0.22951,0.099711,0.22203,-0.1441,0.098143,-0.18447,-0.010726,0.070792,-0.19187,-0.012845,-0.29313,0.049472,-0.011666,0.07163,-0.062968,-0.024343,-0.19379,0.10047,-0.21154,0.11778,0.11658,0.048982,-0.031329,0.14171,-0.013749,0.0417,0.19524,-0.0067496,0.049068,0.0012536,0.022927,0.051421,0.005005,0.02763,-0.02263,-0.0075203,0.0036239,-0.0318,0.025198,-0.040545,-0.021257,0.082442,-0.051271,0.021874,0.00067024,0.033094,0.0018659,0.079775,0.0022948,0.011804,-0.040841,-0.011977,-0.018819,-0.014825,-0.021157,-0.0042419,0.011387,0.0038142,0.015978,-0.035061,-0.0054493,-0.037743,-0.035171,0.013146,-0.016822,0.016649,-0.0060849,0.011958,0.003228,0.0056957,0.028844,0.016679,0.023129,0.00056719,0.00078536,0.0029053,-0.027952,0.012818,-0.027058,-0.0035706,0.0056113,0.014838,-0.028043,-0.0091081,0.0067165,0.0073982,-0.0054877,-0.019586,-0.018722,0.0086932,-0.0040976,0.0097262,-0.0040766
-1.3229,0.0087192,0.060688,-0.11778,0.082345,0.2126,0.25173,0.18744,0.051178,0.17626,-0.1164,0.04213,0.015435,0.095436,-0.23738,-0.11669,-0.18611,0.23117,0.13284,-0.10529,0.049561,-0.18632,0.063747,0.045896,0.042306,0.095306,-0.11222,-0.00044406,0.13386,0.046385,0.039792,-0.01459,-0.0084863,0.072045,-0.038261,-0.028752,0.10078,-0.070982,-0.053886,0.044346,0.039678,0.044915,0.018407,-0.066186,-0.059231,-0.036518,0.016136,0.022496,-0.029166,-0.022108,-0.080278,-0.034979,-0.0011639,-0.032765,-0.033588,-0.0070842,-0.011898,0.013219,0.06182,0.032247,0.00072331,0.01272,0.0081215,-0.04736,-0.0098644,-0.00099152,-0.096754,0.0015593,0.023013,0.0064904,0.0021708,-0.0047928,-0.058934,0.020854,-0.02777,-0.028297,-0.0028605,-0.01487,-0.0049366,0.014198,0.014847,-0.011593,0.010695,0.013622,-0.015793,-0.028581,-0.010118,-0.027913,-0.0034699,0.013485,-0.00017925,0.0045606,-0.0048374,-0.0077583,-0.0010378,-0.0022318,0.001613,-0.0053624,-0.0090559
0.83995,-0.15943,-0.096674,0.496,-0.20053,0.26367,-0.11545,-0.10731,0.42988,-0.25753,-0.023485,0.032714,-0.090155,-0.018553,0.0080021,0.0026003,-0.07175,0.03305,-0.0082702,0.037896,-0.080313,-0.033683,-0.074415,-0.013241,0.073094,0.09199,-0.018812,0.061538,-0.0058964,0.10727,-0.15391,0.010684,-0.013445,0.03989,-0.063703,-0.015265,-0.034237,0.0045174,-0.1012,0.032736,0.048441,0.0087274,-0.059952,-0.066011,-0.033284,-0.011632,0.028095,0.021485,-0.033479,-0.073986,0.036829,0.0026931,0.032,-0.0097116,-0.026675,-0.055308,0.027571,0.049529,-0.017999,-0.052172,-0.0031649,-0.030514,-0.027443,0.032166,-0.019607,-0.016559,0.047559,0.035569,-0.015828,-0.020572,0.060874,-0.00039944,0.0040828,-0.011005,0.017983,0.0041467,0.012241,-0.00029064,-0.01982,0.0040974,0.023226,0.0060261,0.011902,-0.0024225,0.034859,-0.0058881,-0.012832,-0.030214,0.046949,0.034096,0.019537,0.0097123,0.020145,0.030339,0.024812,-0.0033484,-0.023311,-0.02325,-0.011333
1.0297,-0.5064,0.33186,-0.18583,0.37048,0.15198,-0.072259,-0.011843,0.22788,-0.18576,-0.004878,-0.088343,0.29793,0.023367,0.045488,0.014055,0.072514,0.0034661,0.16169,-0.014381,0.13017,-0.087935,-0.011631,-0.085708,0.16428,0.055421,-0.0325,0.051715,0.12552,-0.023375,0.098433,0.0052873,0.039111,0.010692,-0.010981,0.052056,-0.0032299,0.034928,0.058164,-0.051715,-0.037863,0.0084588,-0.040721,-0.041488,0.063309,-0.0066788,-0.033411,0.035212,0.018005,-0.017525,0.059805,-0.020267,-0.0032394,0.0062178,0.089862,-0.026038,-0.03316,0.0067267,-0.029387,-0.022955,0.0057976,0.035347,0.049287,-0.0047531,-0.0052947,-0.0042275,-0.0034576,-0.0035996,0.020551,0.02251,-0.0049324,-0.0066618,0.0080344,-0.04432,0.025819,0.0039625,-0.012002,-0.0028526,-0.0081627,0.01977,0.02694,-0.025761,-0.052831,0.030242,0.049365,-0.045255,0.011321,-0.0066981,-0.013944,-0.047004,-0.0014677,0.0017305,0.023233,-7.0139e-05,0.011917,0.018684,0.018368,-0.021283,-0.010224
0.59868,-0.46217,0.9097,0.13058,-0.044991,0.25308,0.3244,0.020561,0.15245,-0.14674,-0.074508,0.17434,0.0094596,-0.18182,0.059425,0.042521,-0.028089,-0.039079,0.0084026,0.049742,-0.050736,0.018966,-0.13603,0.014333,-0.02701,0.067843,-0.064973,0.044992,0.01865,-0.054253,-0.024794,0.088719,0.021757,0.090886,-0.01948,0.0038215,-0.00097492,-0.035629,0.039909,-0.036633,-0.024539,-0.0058998,0.020155,0.029663,-0.030065,0.020675,0.024743,0.036239,0.083978,-0.039636,0.0024809,0.049569,-0.042322,0.011486,0.012523,0.06965,0.052709,-0.090771,0.010875,-0.0272,-0.0011524,0.035598,-0.017599,-0.021558,-0.021317,0.028095,-0.001598,0.06733,0.040718,0.017755,-0.0018591,-0.0091163,0.007477,0.04395,-0.010772,-0.0092617,-0.035226,0.017851,-0.013754,0.02888,0.0067088,0.017482,-0.036308,-0.0033289,-0.02557,0.043535,0.053361,-0.024634,0.020647,0.014053,0.001338,-0.0078785,-0.015624,-0.00015914,-0.0063511,-0.029545,0.020311,0.012464,-0.003372
1.156,-0.70414,-0.38518,0.22467,0.050567,0.052455,0.1758,0.027417,0.078411,-0.057564,-0.077219,0.0057336,-0.070847,0.054622,-0.00071848,0.10094,0.048177,-0.091846,-0.031522,0.0050416,-0.0024546,0.0091153,0.11092,0.099483,0.034728,0.0040113,-0.012159,-0.026918,-0.002819,-0.063489,-0.026656,-0.019716,0.024996,-0.035982,-0.020987,0.010865,0.016327,0.15624,-0.0070587,0.041233,-0.0016113,-0.015198,-0.0060083,-0.012294,-0.078823,-0.047704,-0.031802,0.025713,0.0078245,0.02686,-0.027267,0.0095589,-0.02907,-0.03671,-0.0036828,-0.068977,-0.0066162,0.058947,0.019549,-0.0036778,0.05512,-0.033778,0.011244,-0.0063169,-0.0030952,0.059113,-0.0044575,0.013592,-0.040689,0.025595,-0.062929,0.030119,0.059463,0.039871,-0.0078218,-0.0026686,0.015544,-0.0055752,0.012689,-0.020785,0.034945,-0.021416,-0.034713,-0.02325,-0.040385,-0.0070055,0.0056337,-0.027093,-0.047415,0.019447,0.032054,0.025837,0.015104,0.013569,-0.0014521,-0.024977,0.037564,-0.0021369,0.017285
-1.1116,0.054774,-0.17062,0.26973,0.20328,-0.070174,-0.056688,-0.11859,0.093651,0.083925,-0.22921,0.16765,0.20207,-0.063428,-0.1936,0.009682,0.0027611,-0.085248,0.079194,0.045193,0.016162,-0.04271,0.011965,0.044258,0.078889,0.069496,0.11488,0.010292,-0.12129,0.022198,0.069764,-0.050882,-0.063595,0.039207,-0.07017,-0.035807,-0.025123,0.013904,0.043921,-0.00042017,-0.07928,-0.046487,0.018721,0.038393,0.054024,-0.011312,0.0031642,-0.0039362,-0.0021653,-0.03041,-0.065159,-0.020343,0.050716,0.061915,0.020776,0.03511,-0.056989,-0.022684,-0.015827,0.010708,0.038313,0.00060806,-0.037629,-0.018927,0.0099552,-0.018066,0.0033148,0.0098796,-0.074586,-0.020769,-0.031658,-0.029439,-0.046314,0.025442,0.0070096,0.081117,0.027525,-0.0033927,-0.046444,0.013998,-0.0067262,0.026131,0.0068504,0.0054942,0.031269,-0.013698,-0.0045363,-0.0162,-0.011465,0.011228,0.027131,-0.020922,-0.024745,0.030436,-0.002764,-0.031628,0.016401,0.0023149,0.005889
-0.56625,-0.13187,-0.037078,0.1024,-0.38043,-0.47023,0.22715,0.16719,-0.13028,0.060971,-0.16215,0.09917,-0.18306,-0.12631,0.098876,0.098082,0.17466,0.033836,-0.11777,0.030247,0.10437,-0.0083156,-0.086517,-0.19046,-0.10985,0.0021969,0.07998,0.017373,0.11532,0.12643,-0.009626,-0.037025,0.047803,0.050126,0.030272,-0.072035,-0.02566,0.045707,0.079773,0.052639,0.0021476,-0.050469,-0.022236,-0.028711,0.036367,-0.0063617,0.014074,0.035237,0.014017,-0.0012667,0.09028,-0.067111,0.0043936,-0.02791,-0.033997,-0.013653,-0.013338,0.058104,0.056623,0.00086111,0.021249,-0.0062136,-0.0028602,-0.002691,-0.00033565,0.029185,0.019085,0.0072202,0.021949,0.099373,-0.020685,-0.032841,-0.016806,-0.013562,-0.022398,0.024019,0.022757,-0.024366,0.004119,0.054023,-0.015704,0.004257,0.021681,0.019023,-0.0044364,-0.0041154,0.0013649,-0.0052849,0.0061578,0.0010403,0.015825,-0.017695,-0.014316,-0.0097119,-0.01344,-0.0083974,-0.0034392,-0.0077669,-0.0064575
-0.87376,0.42678,-0.32747,0.013274,0.052326,-0.19828,0.13112,-0.074136,0.040314,0.060512,-0.0052054,-0.12755,-0.15291,-0.14855,0.11908,0.15162,0.0031438,0.10654,0.094875,0.060744,0.056374,-0.054592,-0.1297,0.1653,0.1184,0.037126,0.11338,0.017846,0.09257,-0.012105,0.072176,-0.049205,0.034375,-0.052477,-0.063037,0.011658,-0.028573,-0.02215,-0.10622,0.012732,-0.020423,0.055357,0.0088809,-0.031566,-0.014777,-0.007763,-0.033649,0.069665,-0.023387,-0.015259,0.063885,0.026031,-0.034573,0.01119,-0.023295,0.0095888,0.0078123,-0.054746,0.0095122,-0.0040521,0.0056125,-0.050698,-0.036492,-0.0027859,0.031486,0.026185,0.0077972,0.014868,-0.027999,-0.0021706,-0.0099824,0.0058694,-0.0084522,0.0066606,-0.024468,-0.0011161,-0.043771,-0.039618,-0.0061311,0.022827,0.0025641,0.014547,0.029567,-0.05436,0.020476,0.035651,-0.015635,0.034727,-0.008608,-0.050763,-0.024742,0.021617,-0.0045885,-0.0098383,0.041817,0.0024368,0.031023,-0.0020207,0.0092977
0.99727,0.48615,0.49288,0.17993,0.24124,-0.047585,-0.056088,0.015655,0.053861,0.24936,0.31537,-0.19319,-0.20305,0.041734,0.0062268,0.069454,-0.029725,-0.12643,-0.17948,-0.011878,0.078499,0.01742,-0.1027,-0.028553,-0.096276,0.042029,0.057582,0.033793,-0.045862,0.035261,0.082657,0.098181,-0.07679,-0.07619,-0.053241,0.086823,0.051531,-0.067287,-0.07084,-0.012757,0.050638,-0.097549,0.067834,0.019487,0.026419,-0.0029723,-0.052403,-0.022608,0.0073408,0.0069437,-0.016808,-0.067199,-0.0074457,-0.095074,-0.011788,-0.0012396,-0.013504,-0.038475,0.071439,0.015948,-0.0019258,0.030497,0.0047285,-0.014545,0.021146,-0.0032842,0.0409,0.051783,-0.022285,-0.031824,0.013322,-0.032756,-0.019608,-0.021423,-0.019949,0.0015231,0.011856,0.018035,-0.0022748,-0.0050324,0.032122,-0.039399,-0.026644,-0.0090793,0.0064018,-0.005496,-0.012045,-0.0048491,-0.022139,0.0012683,0.0080283,-0.0062635,0.0052544,0.0022943,-0.0067437,-0.012047,0.0085677,-0.037828,-0.011879
-1.2269,-0.22645,0.29689,-0.008844,0.028366,0.17645,0.087697,-0.17441,0.046995,-0.14755,0.17483,-0.046495,0.02643,0.25093,0.03318,0.091214,-0.03956,0.11351,0.0054362,-0.11973,-0.16551,-0.047961,-0.031876,0.18799,-0.07511,-0.088484,-0.014238,0.034084,0.032887,0.044036,0.049602,-0.089946,0.011019,0.077014,0.028331,0.039581,9.4598e-05,-0.034776,0.038511,-0.031427,0.0058592,-0.036076,0.010614,0.071197,0.051737,0.059601,0.1231,-0.00068413,-0.051935,0.022898,0.03442,-0.027919,-0.056715,-0.082002,-0.049796,-0.041878,0.027507,-0.048676,-0.057286,0.02493,0.035897,-0.03146,0.027898,0.031415,0.00057432,0.0787,0.0066583,-0.01432,-0.012094,-0.0020986,-0.017238,0.029408,0.009938,0.016172,-0.017875,0.043163,0.031561,0.006621,-0.0088756,0.0093314,0.0095469,-0.016132,0.0064412,0.030398,0.018975,-0.0035837,-0.0074779,-0.0078953,0.0029531,0.00020256,-0.033284,-0.033948,0.007665,0.024028,8.7006e-05,0.0082443,0.0029232,0.0025323,-0.0030841
-1.2533,-0.60681,-0.079526,0.23959,0.03005,0.11057,0.0032264,-0.031199,-0.45908,0.12703,-0.052521,0.015108,0.10822,0.24437,-0.11461,-0.094956,-0.071819,-0.10971,0.039016,-0.0098887,-0.088973,0.020679,-0.087261,-0.057584,0.11523,0.076362,-0.05294,0.047098,-0.079736,0.079183,-0.084758,-0.068103,0.087299,-0.028356,0.11918,0.11116,0.0079497,-0.019943,0.024818,-0.065967,0.034804,-0.035409,0.11061,-0.037178,-0.023286,-0.011595,0.012672,-0.046921,0.016308,-0.022773,0.0056827,0.060792,0.02585,0.028389,0.075988,-0.066635,0.04762,-0.04262,0.041959,0.064461,0.014162,-0.0123,-0.01993,0.010557,0.01053,-0.01202,0.058117,-0.017368,-0.0062633,0.041357,-0.0022895,0.0035376,-0.011298,-0.0036802,-0.0081223,-0.028248,-0.037409,-0.038467,0.027356,0.025514,0.0029086,0.010658,0.013716,-0.013684,0.0082169,0.010617,-0.01809,-0.0088083,-0.016591,0.0020693,0.019179,-0.019128,0.0080511,0.0017747,0.0039551,0.0031065,0.0057855,-0.0094797,-0.010918
-0.90189,0.1571,0.0093161,-0.079377,0.18928,0.0086464,0.09764,-0.10314,0.11718,0.0080935,0.19899,-0.13954,0.13914,0.099977,0.28313,0.088842,-0.10463,0.083052,-0.12565,0.035838,-0.15294,0.10627,-0.03205,0.019869,0.046463,-0.13169,-0.080368,-0.071687,-0.13987,0.025385,-0.0030124,0.040527,-0.060342,-0.058867,0.0059465,-0.017681,0.034855,-0.028374,0.036024,0.079709,-0.12226,0.010666,0.06122,-0.082175,-0.085201,0.028669,-0.028067,-0.043982,0.013978,0.018447,0.0613,0.025546,0.035343,0.034964,0.018715,0.038922,-0.013681,0.024871,0.034495,-0.0033367,-0.013513,0.0040801,0.03891,-0.014193,-0.050074,0.0050006,-0.051526,0.012923,-0.028606,0.032509,-0.0020988,0.011099,-0.014558,-0.0029669,0.016596,0.017217,0.044652,0.01581,0.011258,0.027868,0.041918,-0.0045904,0.0363,0.0029537,-0.013988,0.0020004,0.0081746,-0.026123,0.027093,-0.044616,0.018953,-0.00042874,-0.0081447,0.0013446,0.017969,0.00515,0.0063415,-0.0032697,-0.016804
0.5992,-0.40579,-0.79553,-0.17155,0.058932,-0.014545,0.36314,-0.061276,0.0029009,-0.079026,0.17823,0.053223,-0.27644,0.032374,-0.10693,-0.095949,0.058274,0.057015,0.0906,0.17676,-0.088467,-0.027666,-0.087245,-0.01089,-0.03293,0.063088,-0.098384,-0.027816,-0.01105,-0.053168,-0.088963,0.13183,0.048502,-0.051917,-0.047184,0.0044964,-0.048591,-0.0094823,-0.0073153,-0.024078,0.074322,0.028308,0.019232,0.0075408,0.069923,-0.012935,0.045964,0.016384,0.022099,-0.030389,-0.031506,-0.05072,0.050127,-0.023937,0.080071,0.10865,0.019873,0.064032,0.010284,0.028761,0.0029803,-0.0081808,0.074911,-0.032037,-0.028342,0.049046,0.020439,-0.03992,-0.0086669,-0.016054,-0.019305,0.029182,-0.022107,-0.00048098,0.033164,0.050932,-0.013717,-0.015097,0.0027121,-0.0031067,0.021798,-0.0011306,0.0075071,0.0030608,0.0020645,0.018353,-0.010122,0.019537,-0.0059262,-0.0063253,-0.024283,-0.0053071,-0.014553,-0.0050164,-0.0014935,-0.010973,-0.010348,-0.011696,0.0038178
-1.2071,-0.022564,-0.41916,0.048549,0.24753,0.039534,0.07458,-0.14733,-0.12877,-0.099315,-0.086627,0.022732,-0.017825,0.034491,0.14896,-0.05155,-0.30873,-0.07962,0.24233,-0.097084,0.043122,0.051058,0.015578,-0.092425,-0.0014307,0.088454,0.010779,-0.097456,-0.0049844,0.064559,0.063343,0.089555,0.078396,0.0054169,0.030529,0.012093,-0.053748,0.00163,-0.022325,0.034471,-0.061995,-0.025372,-0.037382,-0.0040484,0.040043,0.036071,0.033985,-0.094251,0.0020734,0.056816,0.00099228,0.0018399,-0.060852,-0.058269,-0.023524,-0.0030054,0.051157,0.005812,0.068545,-0.068751,-0.1061,0.021827,-0.034047,0.02323,0.026604,0.00089244,0.0047181,0.0079086,0.018364,0.0080233,-0.0046823,0.010557,0.0065666,0.0078003,0.048603,0.044548,0.023913,-0.04008,-0.025058,-0.031196,-0.019687,0.010256,-0.0097313,-0.0078141,-0.0052131,-0.0021374,0.0041422,-0.012267,-0.0075005,-0.0077247,-0.0061256,0.026111,0.0083921,-0.0042346,-0.013605,-0.01242,0.0042333,-0.004762,0.010885
-0.26986,-0.21792,-0.24329,0.1489,-0.50457,0.021448,0.0076449,-0.48458,-0.068284,0.012936,-0.29433,-0.047674,-0.0014799,-0.1251,0.057009,-0.12325,0.037479,-0.050624,-0.15203,-0.1314,-0.060519,0.10388,-0.03436,-0.055445,0.12688,-0.041377,-0.11523,0.040772,0.090608,0.031708,0.0063569,0.13394,0.0027394,0.037084,0.032578,-0.11224,-0.0084144,-0.0072227,-0.10522,-0.012046,0.011368,0.05728,0.067958,0.054308,-0.039286,0.020364,-0.010893,0.017938,-0.04067,0.0015583,-0.0076205,-0.03395,-0.037373,-4.2e-05,0.045857,0.0028429,-0.10922,-0.050007,-0.00032301,0.035462,0.0038064,0.010612,0.055758,0.043068,0.087796,-0.011065,0.018793,-0.0063823,-0.03096,-0.003268,-0.019484,-0.0098653,0.01696,0.027293,0.0080384,-0.019065,0.029963,-0.011574,-0.012752,-0.0051526,0.0051416,-0.016083,-0.0048483,0.0084615,0.015048,0.0038695,0.0092936,-0.019066,0.013866,-0.015788,-0.01046,0.01309,-0.0023277,-0.01577,-0.016286,-0.0049202,-0.012891,0.011142,-0.0050815
-0.1279,-0.41624,-0.25656,0.76565,-0.7653,-0.015597,-0.08777,0.073413,0.055329,-0.25074,0.23741,0.071395,0.020065,0.017219,-0.0093282,-0.15138,-0.064862,0.045804,-0.023485,0.087076,0.049802,-0.21551,0.12595,-0.02962,-0.013611,0.11941,-0.079491,-0.16416,-0.074795,-0.035054,0.083857,-0.08287,-0.070121,-0.07326,-0.033408,-0.021149,0.068423,0.12087,0.051645,-0.0060779,0.0058195,-0.067685,0.085825,0.078631,-0.042452,-0.017745,0.0098758,0.014834,0.01501,5.6205e-05,0.064619,0.0024553,-0.034066,-0.016437,0.0067444,0.023918,-0.035752,-0.022688,-0.030643,-0.026216,-0.058946,-0.0044817,-0.015109,0.013097,-0.0026704,0.0061087,0.012176,-0.00044578,0.010126,-0.013505,0.026175,0.0052646,-0.032253,-0.032747,-0.023384,-0.025126,-0.0075156,-0.012249,-0.011603,-0.004857,0.017454,0.00051118,0.012248,0.0070946,-0.00095219,0.0034381,0.0046008,-0.0037033,0.0023416,-0.018382,-0.013039,-0.009735,-0.015861,-0.019613,-0.0067773,0.0068269,0.0036421,0.0016056,0.014481
-1.0171,0.26699,-0.37669,-0.15429,-0.0025339,-0.2575,0.036409,0.21277,0.0023504,0.040969,-0.046044,-0.06657,0.0060737,-0.05101,0.031729,-0.046878,0.067798,-0.095903,-0.13775,0.2591,0.049896,-0.083031,-0.023859,0.11387,-0.035131,-0.0062877,-0.0051409,-0.043214,0.007475,-0.1348,0.069302,-0.079994,0.10269,0.05007,-0.051314,0.024721,-0.013644,-0.012482,-0.029425,-0.084631,0.013538,0.012451,-0.013896,-0.040432,0.058768,0.10465,0.00019411,0.020463,-0.028516,-0.00726,-0.021789,0.034379,0.027408,-0.0021653,0.019858,-0.058499,-0.033228,-0.024225,0.045118,-0.042098,0.014247,0.066204,0.039733,0.080168,0.032308,-0.039158,-0.011848,0.023817,0.018135,0.014042,0.026809,0.041759,-0.019538,-0.019545,0.029333,0.012911,0.0034827,-0.0030509,0.01364,-0.010012,0.04009,-0.0010845,0.045661,-0.0075516,-0.03815,-0.0070202,0.033885,-0.02755,-0.0014715,0.033665,-0.0086788,-0.013486,0.011621,0.011513,0.00011543,-0.0058967,-0.0013383,0.012838,-0.0053877
0.74659,0.32479,0.35123,0.27659,0.010425,0.27968,0.2556,-0.15532,-0.40602,0.38179,0.039607,0.041812,0.3059,-0.085115,-0.15262,0.16029,-0.007367,-0.03309,0.062382,0.14173,0.24799,-0.11355,-0.026806,0.085387,-0.042417,-0.090956,0.11356,0.029182,-0.10496,0.0017828,-0.083272,0.042754,-0.059196,-0.068177,0.020988,-0.090406,0.054836,0.018371,0.01697,0.081842,0.11041,-0.03585,-0.020324,-0.0081817,-0.010189,0.071802,0.010787,0.046024,-0.042056,0.0099501,0.0012555,-0.0049679,-0.066984,-0.014686,0.084607,0.0029592,0.0066929,-0.00055564,0.0058057,0.0036496,-0.020689,-0.026372,-0.0046454,0.012675,-0.01537,0.016589,-0.01819,-0.030648,0.0062176,0.0085398,0.026666,0.014471,0.019467,0.022662,0.035318,0.016273,-0.0059811,-0.02669,-0.010428,0.007481,-0.0086049,-0.020993,-0.005778,0.0082858,0.0036078,0.00047723,0.0086389,-0.013933,0.034718,-0.0029759,-0.0038688,0.016691,0.016521,0.0065213,0.0036418,0.012875,-0.0079936,0.015058,-0.0056558
0.80339,-0.016787,0.37262,-0.10021,-0.26459,-0.27622,-0.18767,-0.019802,-0.093424,0.1834,-0.3394,-0.0025092,-0.21926,0.0024547,0.15093,0.0652,0.0082094,-0.089011,0.018951,0.010556,-0.056871,-0.031875,0.15921,0.025704,-0.044646,-0.036627,0.0083734,0.065962,-0.024676,-0.0059498,0.0063225,-0.0026466,0.063992,-0.0051825,0.075935,0.071946,0.044838,-0.041394,-0.024464,0.017773,-0.079779,-0.051618,-0.0092784,-0.045716,0.049541,-0.060912,0.031443,0.044751,0.073328,0.02651,-0.007023,-0.087284,0.023141,0.047688,0.023983,-0.033532,0.037301,0.0058307,-0.014887,0.01021,-0.056021,-0.015201,0.022577,-0.023983,-0.033846,0.030888,0.00024574,-0.012968,-0.04505,-0.052144,0.038458,0.015884,-0.027095,-0.0031209,-0.0038634,-0.02094,-0.0050186,-0.010314,0.0069199,-0.0031824,0.014017,-0.022275,0.025557,0.001064,0.047268,-0.012047,0.031308,-0.032138,0.025063,0.017585,-0.027359,0.015731,0.014942,-0.030644,-0.0035133,-0.021263,0.025579,0.030955,0.018669
0.97189,0.030036,0.44238,-0.067883,0.14091,-0.13736,0.045586,0.019676,0.081406,0.14487,0.15915,0.037097,0.15275,0.063646,0.16965,-0.094575,0.0056395,0.12004,-0.076433,-0.068738,0.121,0.008907,-0.092685,-0.012584,0.00090198,0.0065441,-0.054465,-0.025717,-0.017545,0.051152,0.040023,0.06055,-0.057263,0.062973,0.061661,0.070426,-0.017775,0.0074325,0.057514,0.012034,0.015124,0.045864,0.02618,-0.014943,0.017872,-0.028827,0.0077147,0.00062848,-0.030902,-0.015737,-0.0059042,0.027612,0.011972,-0.042463,-0.00043674,-0.063469,-0.040226,0.0794,0.00086458,0.005402,-0.034991,0.050253,0.012511,-0.013105,0.032284,0.019563,0.0070016,-0.018116,-0.048227,-0.0076801,0.030099,-0.013694,0.017682,0.0098958,0.014718,-0.009362,-0.028375,-0.0011697,-0.047544,0.037447,0.036892,0.057705,-0.0086013,-0.022788,-0.016523,0.012343,-0.022545,0.027358,-0.0052912,0.017958,-0.0090077,-0.016455,-0.0055842,0.0087516,0.018048,-0.011642,-0.017661,0.052231,0.055503
-1.1498,0.17713,-0.034406,0.24258,0.1476,0.14908,-0.89294,0.21886,0.27278,0.32522,0.19572,0.47575,-0.096102,0.081797,-0.18849,0.15263,0.16116,-0.067071,-0.02899,-0.13643,0.10595,0.027947,0.04391,0.002541,0.043431,-0.029331,-0.094769,-0.08444,0.067076,0.020979,-0.13691,0.094596,0.14965,0.023324,-0.0016258,-0.015093,0.016438,-0.015195,-0.0083477,-0.086056,0.011782,0.012485,0.026952,0.033859,-0.020895,0.011136,-0.053223,0.013051,0.0013782,0.083943,0.033401,0.026697,-0.019024,-0.0034548,-0.024659,-0.0064708,0.00054938,0.0095662,-0.032276,0.0037197,-0.0015034,0.018392,-0.013325,-0.00050997,-0.013579,0.024836,-0.023996,-0.010874,-0.015234,-0.012277,0.0049663,-0.0053687,-0.023559,-0.011191,0.020006,0.039461,0.0022162,-0.020463,0.00043339,0.013128,0.0020947,-0.0034837,0.00048036,-0.0096401,-0.018629,0.0095745,0.016279,0.0037782,0.016311,-0.014235,0.00099421,-0.0023058,-0.0044125,-0.0041443,0.0098588,-0.0018245,0.010876,-0.0019424,-0.0059743
0.99712,0.8792,0.21301,0.088897,-0.14118,0.18074,0.062146,0.001582,-0.26004,-0.18743,0.085166,-0.040859,-0.11182,-0.064618,-0.18635,-0.1983,-0.053286,0.13628,0.14509,0.13888,0.018306,0.040059,-0.0080557,-0.069926,0.039156,-0.12473,0.00612,-0.13143,-0.013214,0.11365,-0.041087,0.016646,-0.0083846,-0.075381,0.080373,0.010445,-0.10074,0.033478,0.051178,-0.032986,-0.02457,0.0013217,-0.029701,0.028047,-0.0058269,-0.017262,-0.035004,0.0032316,-0.014203,0.033706,0.01784,-0.0035593,0.026193,-0.011864,-0.059003,-0.0016066,0.0098419,-0.0011074,-0.023853,0.039582,0.063012,0.076968,-0.013574,0.046021,-0.0043512,-0.023436,-0.031146,0.050391,0.015771,-0.013155,-0.041923,-0.034113,0.018025,0.038739,0.0053219,0.0045234,-0.033259,-0.0066344,0.016083,-0.0060694,0.036194,-0.039042,0.021669,0.0069621,0.036302,-0.01703,-0.002602,-0.0085346,0.0067547,0.012653,-0.021331,0.0046784,0.0051306,-0.011693,0.028843,-0.031811,0.015479,0.010432,-0.0030855
1.0856,0.28419,-0.18645,-0.22406,0.11309,0.19387,0.075322,0.0049691,-0.062808,-0.086136,0.082199,-0.063154,-0.1232,0.01467,-0.0064296,0.030478,-0.03905,-0.21758,0.09429,-0.10994,0.055996,0.037423,0.060474,-0.023282,0.12182,0.029908,0.1046,-0.010868,-0.068461,-0.029116,-0.0050369,-0.17017,0.06634,0.02011,0.083919,-0.012611,-0.0059889,-0.047984,-0.055597,0.047532,-0.0068056,0.049226,0.072468,0.030704,-0.003437,0.033124,-0.0033489,0.076397,-0.035361,-0.023088,0.02989,-0.019339,0.039439,-0.037684,0.031009,-0.02168,-0.039469,0.020248,-0.018645,0.019218,-0.04534,0.0080608,0.016263,0.0052172,-0.019003,0.056803,-0.014829,0.025029,0.0096687,0.020567,0.0041681,-0.042105,-0.027388,0.0063154,0.010151,-0.016707,0.0018656,0.045735,-0.0019645,-0.050968,-0.026764,0.021906,-0.0084208,0.06116,-0.035121,0.030876,0.017099,0.014226,0.011639,0.0014257,0.0095609,-0.013819,-0.010295,-0.01146,0.046646,-0.033487,-0.012138,-0.01938,0.0035361
1.0412,0.64372,-0.31056,0.015656,0.052821,0.060532,0.1777,0.21493,-0.41677,-0.099874,-0.21473,0.26217,-0.021974,0.085568,-0.020136,0.032268,-0.022552,-0.049862,0.044999,0.10794,-0.086006,0.010417,-0.010513,-0.086123,-0.058432,-0.074473,-0.080801,0.0065951,0.0079102,0.029709,-0.011441,0.085909,-0.033098,0.086025,-0.079333,0.020974,0.08333,-0.00088674,-0.032768,-0.0080302,-0.023067,-0.06433,0.0064396,-0.022365,-0.042129,0.032138,-0.01661,0.051603,-0.050335,0.010019,-0.014023,-0.032949,-0.0065362,0.01118,0.0080657,-0.0089416,0.030826,-0.027872,-0.070909,-0.043866,-0.044777,0.017516,0.00036689,-0.010609,0.027476,0.024698,-0.034345,-0.020245,-0.010611,0.020066,-0.028001,-0.016919,0.013711,-0.037579,-0.054127,-0.009217,-0.00029697,0.015593,0.01943,-0.028414,0.017823,0.044686,0.0060242,-0.041448,0.019561,-0.024624,0.018319,0.02956,-0.013101,-0.03736,0.015612,-0.030766,0.0335,0.035866,0.0031634,-0.021652,-0.029623,-0.0059413,-0.0013073
1.0343,-0.029873,0.47691,0.068741,-0.31007,0.28173,-0.11576,-0.18823,0.17951,-0.05073,-0.12043,-0.21698,0.073711,0.01857,0.10234,0.032396,0.054763,-0.12383,-0.068488,0.028985,0.027485,0.014909,0.11643,-0.031464,0.065317,0.097909,-0.038595,-0.051154,-0.087089,0.016396,-0.0027971,-0.057247,0.028082,0.057807,-0.029486,-0.12876,0.040162,-0.11969,0.019169,-0.046606,-0.01034,-0.030164,-0.081631,-0.10068,0.033604,0.019335,0.0023389,-0.035242,-0.044145,-0.018426,0.0111,-0.053458,-0.020182,-0.056889,0.018044,0.031201,0.055507,0.026586,-0.018164,0.074097,0.0049166,0.033069,-0.046853,0.037562,0.011041,-0.012512,0.00085892,-0.023899,0.014209,-0.019849,-0.052389,0.027395,-0.019185,0.010971,-0.0021433,-0.015398,0.0049252,-0.014165,0.047603,0.0079717,0.022136,0.0029377,0.00075095,-0.023105,-0.020678,-0.0039556,-0.0026475,0.055722,0.0098746,-0.0096341,0.0099419,0.010283,-0.038994,0.020239,-0.0099721,0.003694,0.017978,-0.0040503,0.019951
0.77414,-0.21164,-0.048127,-0.037379,-0.50932,0.13251,0.15474,0.26705,-0.05825,0.1846,0.06235,0.16478,-0.082144,-0.19196,0.27653,-0.047891,-0.18969,0.022926,-0.053884,-0.10937,0.10756,-0.0272,-0.011938,0.11478,0.11235,-0.053405,0.023087,-0.033253,0.005953,0.088518,-0.092519,-0.077955,-0.041283,0.057134,0.030935,-0.033955,-0.0067245,0.038147,-0.00061681,-0.10872,0.037671,-0.07328,-0.0029813,-0.092021,0.020887,-0.062223,0.0021538,-0.097839,-0.0098557,0.016643,-0.0053252,0.017001,0.051491,-0.04626,-0.0050949,0.0063562,-0.046184,-0.060099,0.029753,-0.044142,0.038006,-0.013096,0.072261,-0.041361,-0.033514,-0.023499,-0.0067229,-0.026967,-0.0060714,-0.013343,0.002888,0.011598,0.020146,0.0064009,0.0027927,0.031136,-0.026067,0.035585,-0.0034199,-0.031555,-0.040322,0.008154,0.00075782,-0.0073133,0.018769,-0.0041135,0.036491,0.023101,-0.0096184,-0.01068,-0.0075514,0.0060039,-0.0070594,0.013455,0.0030437,0.0021697,0.0067179,-0.0034651,-0.0084697
0.96706,0.54734,0.28129,-0.16284,0.16264,0.026658,0.077263,-0.12235,-0.047019,-0.014458,-0.047158,-0.10732,0.094553,0.095825,0.012512,0.065846,0.15542,-0.016477,0.0010149,0.037154,-0.039327,-0.036276,-0.00039791,-0.0048323,0.0027026,0.017353,-0.10293,-0.054588,0.060035,-0.016923,-0.13043,0.0059699,0.002983,0.022826,-0.041192,-0.052879,-0.0329,0.035194,0.01768,-0.031103,-0.0089756,-0.016259,0.020783,0.022543,0.037656,-0.020924,0.093851,-0.042688,0.0025182,-0.021632,0.0091228,0.0073383,-0.015897,0.00051609,0.0024744,-0.0033366,-0.00048119,-0.016332,0.061958,-0.006411,-0.01513,-0.077958,-0.042937,-0.024826,0.0055128,-0.037922,0.023087,0.016201,0.0055692,-0.028582,-0.00076277,-0.0091848,-0.0063894,-0.044964,-0.027987,-0.00055949,0.04209,-0.01395,-0.02145,-0.02798,0.012253,-0.012537,-0.0069146,0.020297,-0.027079,-0.030274,0.007473,0.021565,-0.0411,-0.0049498,0.011838,0.0061087,-0.010749,-0.028848,0.061816,-0.01409,-0.0032897,0.061829,-0.037612
-0.26047,-0.55071,-0.013208,-0.088357,-0.12932,0.081697,-0.14713,-0.54949,-0.25308,-0.031747,-0.25275,-0.031798,0.15723,-0.12097,-0.22973,0.011073,0.060738,-0.013313,0.0014555,-0.12167,0.00082709,0.042271,-0.20088,0.061796,-0.049065,-0.022246,-0.0063576,-0.1415,-0.025728,-0.1092,0.10346,0.022883,-0.0054075,0.024443,-0.054079,0.092976,0.057053,-0.051915,-0.069315,0.015746,0.053605,-0.031651,-0.11002,0.006972,0.010055,-0.11218,-0.044356,-0.061808,-0.013676,0.016071,0.1151,0.029141,0.077157,-0.0048555,-0.029495,0.024524,-3.1673e-05,0.022697,-0.0086243,-0.019415,-0.022722,-0.0094287,-0.0036387,0.0049965,-0.0072115,0.024133,-0.0034919,-0.038002,-0.0051176,0.015417,0.019777,-0.024218,0.0041864,0.012643,-0.025982,0.015075,-0.035733,0.009646,0.011547,-0.017159,0.010015,-0.026003,0.013405,0.016332,-0.028921,-0.013459,0.0135,-0.009628,0.00048367,0.0096228,0.011124,-0.013252,-0.010439,2.5667e-06,0.0051686,1.785e-05,-0.0046885,0.0079264,-0.0058513
1.1667,0.23173,0.69672,0.3801,-0.094986,0.096078,0.060167,0.10745,-0.057342,-0.017624,-0.24635,-0.046392,-0.14911,-0.15478,-0.12709,0.0021643,0.043497,0.067491,0.075814,0.071063,0.036633,-0.031888,-0.067379,0.055803,0.19093,-0.16384,-0.025976,-0.05399,0.051975,-0.0016512,0.0020441,0.02996,-0.014404,0.012061,0.04604,0.063024,-0.0030738,-0.026136,0.040902,-0.00011539,-0.068265,-0.0012443,-0.046736,0.072423,-0.053558,0.014343,-0.003831,-0.021941,-0.018833,-0.038537,-0.018901,0.0040695,0.0031578,-0.0072718,-0.040787,0.04878,0.0026053,0.0019193,0.043799,0.024254,0.012187,-0.0040016,-0.0022883,-0.010987,0.033282,0.010911,0.0096559,-0.021309,-0.034414,0.015405,0.022951,0.069879,-0.031165,-0.080886,0.017957,0.01215,0.032051,0.0095215,0.024529,-0.027579,-0.0077777,0.041601,-0.008458,0.032154,-0.011654,0.034841,-0.021736,-0.0015322,-0.0058337,0.01844,0.024007,-0.0013363,0.031514,-0.016574,-0.011744,0.031151,0.014751,-0.017998,0.020049
1.6341,0.5963,0.17417,0.25153,0.50231,-0.22063,-0.15114,-0.01787,-0.011398,0.0137,-0.15918,-0.16988,-0.011498,0.2668,-0.079037,-0.053937,0.017031,0.062371,0.036141,-0.037725,0.023493,0.0052927,-0.067071,-0.14469,-0.018779,0.068028,-0.0035983,-0.0080645,0.00091057,-0.016466,0.17126,-0.032732,0.062806,-0.019171,0.078817,-0.12444,-0.038031,0.048195,-0.048283,-0.05741,0.01275,0.015639,0.084646,0.014975,-0.0038089,-0.065513,0.011881,-0.032609,0.023067,-0.041113,0.041415,-0.004231,0.011455,-0.02911,0.024242,0.031003,-0.020375,0.022116,0.013506,-0.018381,0.05137,-0.03931,-0.023141,0.014747,-0.053065,0.0088254,-0.058659,0.010434,-0.028388,-0.023145,-0.00088421,0.041426,0.034629,-0.013316,-0.014703,2.6059e-05,-0.0036117,0.0017689,-0.0065439,-0.00074932,-0.026442,0.015037,0.0093961,-0.034299,-0.01443,0.017511,0.028692,0.0072453,0.040798,0.014007,-0.019791,-0.010523,0.032082,0.026046,-0.032261,0.0053586,-0.0029411,0.0064477,-0.0227
